"","date","count","death_03da","death_05da","death_07da","death_10da","death_15da","death_21da","year(date)","cmsum","month"
"1",2015-01-02,2,NA,NA,NA,NA,NA,NA,2015,2,"January"
"2",2015-01-03,1,2,NA,NA,NA,NA,NA,2015,3,"January"
"3",2015-01-04,3,1.66666666666667,2.2,NA,NA,NA,NA,2015,6,"January"
"4",2015-01-05,1,2.66666666666667,2.6,2.71428571428571,NA,NA,NA,2015,7,"January"
"5",2015-01-06,4,3,3.2,2.71428571428571,2.6,NA,NA,2015,11,"January"
"6",2015-01-07,4,4,3,3,3,NA,NA,2015,15,"January"
"7",2015-01-08,4,3.33333333333333,3.4,2.85714285714286,3.4,NA,NA,2015,19,"January"
"8",2015-01-09,2,3,3,3.57142857142857,3.3,2.93333333333333,NA,2015,21,"January"
"9",2015-01-11,3,2.33333333333333,3.4,3.71428571428571,3.5,2.86666666666667,NA,2015,24,"January"
"10",2015-01-13,2,3.66666666666667,3.6,3.42857142857143,3.3,2.86666666666667,NA,2015,26,"January"
"11",2015-01-14,6,4.33333333333333,3.6,3.28571428571429,3,2.93333333333333,2.76190476190476,2015,32,"January"
"12",2015-01-15,5,4.33333333333333,3.6,3.28571428571429,2.7,3,2.76190476190476,2015,37,"January"
"13",2015-01-16,2,3.33333333333333,3.6,3,2.9,2.93333333333333,2.9047619047619,2015,39,"January"
"14",2015-01-17,3,2.33333333333333,2.6,2.85714285714286,2.8,2.86666666666667,2.95238095238095,2015,42,"January"
"15",2015-01-18,2,2,1.8,2.57142857142857,2.9,2.73333333333333,3.04761904761905,2015,44,"January"
"16",2015-01-19,1,1.33333333333333,2.2,2.14285714285714,2.6,2.86666666666667,2.95238095238095,2015,45,"January"
"17",2015-01-20,1,2,2,2.28571428571429,2.3,2.93333333333333,2.80952380952381,2015,46,"January"
"18",2015-01-21,4,2.33333333333333,2.2,2.28571428571429,2.5,3,2.71428571428571,2015,50,"January"
"19",2015-01-22,2,3,2.6,2.28571428571429,2.6,2.73333333333333,2.76190476190476,2015,52,"January"
"20",2015-01-23,3,2.66666666666667,2.8,2.71428571428571,2.7,2.46666666666667,2.80952380952381,2015,55,"January"
"21",2015-01-24,3,2.66666666666667,2.8,3.14285714285714,2.8,2.46666666666667,3,2015,58,"January"
"22",2015-01-25,2,3,3.2,3,2.8,2.46666666666667,2.76190476190476,2015,60,"January"
"23",2015-01-26,4,3.33333333333333,3.2,3,2.6,2.6,2.57142857142857,2015,64,"January"
"24",2015-01-27,4,3.66666666666667,3,2.71428571428571,2.7,2.93333333333333,2.57142857142857,2015,68,"January"
"25",2015-01-28,3,3,2.8,2.57142857142857,2.8,2.93333333333333,2.66666666666667,2015,71,"January"
"26",2015-01-29,2,2,2.4,2.71428571428571,3.1,2.73333333333333,2.66666666666667,2015,73,"January"
"27",2015-01-30,1,1.66666666666667,2.2,2.71428571428571,3,2.73333333333333,2.76190476190476,2015,74,"January"
"28",2015-01-31,2,2,2.4,3,2.7,2.86666666666667,2.80952380952381,2015,76,"January"
"29",2015-02-02,3,3,3.2,2.71428571428571,2.5,2.8,2.85714285714286,2015,79,"February"
"30",2015-02-03,4,4.33333333333333,3.2,2.57142857142857,2.7,2.86666666666667,2.85714285714286,2015,83,"February"
"31",2015-02-04,6,3.66666666666667,3,2.71428571428571,2.7,2.73333333333333,2.85714285714286,2015,89,"February"
"32",2015-02-05,1,2.66666666666667,2.8,3.14285714285714,2.9,2.8,2.85714285714286,2015,90,"February"
"33",2015-02-06,1,1.33333333333333,3,3,2.9,2.73333333333333,3,2015,91,"February"
"34",2015-02-07,2,2.66666666666667,2.2,2.85714285714286,3.1,2.8,2.85714285714286,2015,93,"February"
"35",2015-02-08,5,3,2.6,2.28571428571429,2.9,2.93333333333333,2.80952380952381,2015,98,"February"
"36",2015-02-09,2,3.33333333333333,2.8,2.85714285714286,2.6,3.13333333333333,2.76190476190476,2015,100,"February"
"37",2015-02-10,3,2.33333333333333,3.4,3,2.8,3,2.71428571428571,2015,103,"February"
"38",2015-02-11,2,3.33333333333333,2.8,3.14285714285714,3.2,2.93333333333333,2.95238095238095,2015,105,"February"
"39",2015-02-13,5,3,3,2.85714285714286,3.1,2.66666666666667,2.9047619047619,2015,110,"February"
"40",2015-02-14,2,3.33333333333333,3,3.28571428571429,2.9,2.66666666666667,2.85714285714286,2015,112,"February"
"41",2015-02-15,3,2.66666666666667,3.6,3,2.9,3,2.9047619047619,2015,115,"February"
"42",2015-02-16,3,3.66666666666667,2.8,3.14285714285714,2.7,2.93333333333333,2.66666666666667,2015,118,"February"
"43",2015-02-17,5,3,3,2.71428571428571,3.1,2.73333333333333,2.95238095238095,2015,123,"February"
"44",2015-02-18,1,3,2.8,2.57142857142857,2.7,2.93333333333333,3.04761904761905,2015,124,"February"
"45",2015-02-20,3,2,2.4,3,2.7,2.8,3,2015,127,"February"
"46",2015-02-21,2,2,2.6,2.71428571428571,2.9,3.13333333333333,2.85714285714286,2015,129,"February"
"47",2015-02-22,1,3,2.6,2.28571428571429,2.7,3,2.85714285714286,2015,130,"February"
"48",2015-02-23,6,2.66666666666667,2.4,2.85714285714286,2.9,2.93333333333333,2.85714285714286,2015,136,"February"
"49",2015-02-24,1,3,3,2.57142857142857,3.1,2.86666666666667,2.9047619047619,2015,137,"February"
"50",2015-02-25,2,2.66666666666667,3,3.28571428571429,2.9,2.8,2.71428571428571,2015,139,"February"
"51",2015-02-26,5,2.66666666666667,3.2,3.57142857142857,2.9,2.66666666666667,2.76190476190476,2015,144,"February"
"52",2015-02-27,1,4.33333333333333,3.6,2.85714285714286,3,2.8,2.80952380952381,2015,145,"February"
"53",2015-02-28,7,3.66666666666667,3.4,3,2.7,2.66666666666667,2.85714285714286,2015,152,"February"
"54",2015-03-01,3,3.66666666666667,2.8,3,2.9,2.73333333333333,2.95238095238095,2015,155,"March"
"55",2015-03-02,1,2,3,2.71428571428571,2.8,2.93333333333333,2.95238095238095,2015,156,"March"
"56",2015-03-03,2,1.66666666666667,2.2,3,2.6,2.8,3,2015,158,"March"
"57",2015-03-04,2,2.33333333333333,2.2,2.14285714285714,2.9,3.2,3.04761904761905,2015,160,"March"
"58",2015-03-05,3,2.66666666666667,2.2,2.14285714285714,2.6,3.13333333333333,3.04761904761905,2015,163,"March"
"59",2015-03-06,3,2.33333333333333,2.4,2.57142857142857,3,3.06666666666667,2.85714285714286,2015,166,"March"
"60",2015-03-07,1,2.33333333333333,2.8,2.85714285714286,3,3.2,3.04761904761905,2015,167,"March"
"61",2015-03-08,3,2.66666666666667,3,3.57142857142857,3.2,2.8,3.0952380952381,2015,170,"March"
"62",2015-03-09,4,3.66666666666667,3.8,3.28571428571429,3.3,2.73333333333333,3.14285714285714,2015,174,"March"
"63",2015-03-10,4,5,3.8,3.42857142857143,3.1,3,3.23809523809524,2015,178,"March"
"64",2015-03-11,7,4,4,3.71428571428571,3,3.06666666666667,3.0952380952381,2015,185,"March"
"65",2015-03-12,1,4,3.8,3.42857142857143,3.4,3.33333333333333,3.0952380952381,2015,186,"March"
"66",2015-03-13,4,2.66666666666667,3.2,3.14285714285714,3.4,3.33333333333333,3.0952380952381,2015,190,"March"
"67",2015-03-14,3,2.66666666666667,2.2,3.28571428571429,3.6,3.4,3.14285714285714,2015,193,"March"
"68",2015-03-15,1,2,3,2.71428571428571,3.5,3.53333333333333,3.23809523809524,2015,194,"March"
"69",2015-03-16,2,2.66666666666667,2.8,3.42857142857143,3.2,3.4,3.19047619047619,2015,196,"March"
"70",2015-03-17,5,3.33333333333333,3.4,3.28571428571429,3.4,3.33333333333333,3.38095238095238,2015,201,"March"
"71",2015-03-18,3,4.66666666666667,3.8,3.42857142857143,3.1,3.33333333333333,3.42857142857143,2015,204,"March"
"72",2015-03-19,6,4,4.2,3.71428571428571,3.1,3,3.38095238095238,2015,210,"March"
"73",2015-03-20,3,4.33333333333333,3.8,3.57142857142857,3.4,3.4,3.33333333333333,2015,213,"March"
"74",2015-03-21,4,3.33333333333333,3.4,3.28571428571429,3.4,3.26666666666667,3.23809523809524,2015,217,"March"
"75",2015-03-22,3,2.66666666666667,2.8,3.42857142857143,3.6,3.2,3.0952380952381,2015,220,"March"
"76",2015-03-23,1,2.33333333333333,3,2.85714285714286,3.5,3.33333333333333,3.0952380952381,2015,221,"March"
"77",2015-03-24,3,2.66666666666667,2.6,3.42857142857143,3.1,3.33333333333333,3.0952380952381,2015,224,"March"
"78",2015-03-25,4,3,3.4,3.14285714285714,3.1,3.26666666666667,3.04761904761905,2015,228,"March"
"79",2015-03-26,2,4.33333333333333,3.6,3,2.9,3.13333333333333,3.14285714285714,2015,230,"March"
"80",2015-03-27,7,3.66666666666667,3.4,3.28571428571429,3,3,3.0952380952381,2015,237,"March"
"81",2015-03-29,2,3.66666666666667,3.2,3.14285714285714,3,2.93333333333333,3.04761904761905,2015,239,"March"
"82",2015-03-30,2,2.33333333333333,3.2,3.14285714285714,3.1,2.86666666666667,3.14285714285714,2015,241,"March"
"83",2015-03-31,3,2.33333333333333,2.6,3,2.9,2.73333333333333,2.95238095238095,2015,244,"March"
"84",2015-04-01,2,3,2.4,2.57142857142857,3,2.93333333333333,2.85714285714286,2015,246,"April"
"85",2015-04-02,4,2.33333333333333,2.8,2.57142857142857,2.4,3.06666666666667,2.80952380952381,2015,250,"April"
"86",2015-04-03,1,3,2.6,2.71428571428571,2.6,2.93333333333333,2.71428571428571,2015,251,"April"
"87",2015-04-04,4,2.33333333333333,2.8,2.42857142857143,2.9,2.86666666666667,2.76190476190476,2015,255,"April"
"88",2015-04-05,2,3,2.2,2.71428571428571,2.8,2.6,2.9047619047619,2015,257,"April"
"89",2015-04-06,3,2,2.8,2.85714285714286,2.7,2.53333333333333,2.76190476190476,2015,260,"April"
"90",2015-04-07,1,2.66666666666667,3,3,2.6,2.53333333333333,2.80952380952381,2015,261,"April"
"91",2015-04-08,4,3.33333333333333,3,2.57142857142857,2.6,2.73333333333333,2.57142857142857,2015,265,"April"
"92",2015-04-09,5,3.66666666666667,2.6,2.71428571428571,2.4,2.66666666666667,2.57142857142857,2015,270,"April"
"93",2015-04-10,2,2.66666666666667,3,2.42857142857143,2.8,2.6,2.52380952380952,2015,272,"April"
"94",2015-04-11,1,2,2.4,2.57142857142857,2.6,2.66666666666667,2.57142857142857,2015,273,"April"
"95",2015-04-12,3,1.66666666666667,1.8,2.85714285714286,2.8,2.53333333333333,2.71428571428571,2015,276,"April"
"96",2015-04-13,1,2,2.6,2.28571428571429,2.6,2.46666666666667,2.66666666666667,2015,277,"April"
"97",2015-04-14,2,3,2.6,2.42857142857143,2.3,2.53333333333333,2.80952380952381,2015,279,"April"
"98",2015-04-15,6,3,2.6,2.57142857142857,2.2,2.8,2.76190476190476,2015,285,"April"
"99",2015-04-16,1,3.33333333333333,2.8,2.42857142857143,2.5,2.73333333333333,2.80952380952381,2015,286,"April"
"100",2015-04-17,3,2,2.8,2.42857142857143,2.7,2.66666666666667,2.71428571428571,2015,289,"April"
"101",2015-04-18,2,2.33333333333333,1.8,2.71428571428571,2.9,2.73333333333333,2.80952380952381,2015,291,"April"
"102",2015-04-19,2,1.66666666666667,2.4,2.57142857142857,3.1,2.86666666666667,2.9047619047619,2015,293,"April"
"103",2015-04-20,1,2.33333333333333,2.8,2.85714285714286,2.8,2.73333333333333,2.76190476190476,2015,294,"April"
"104",2015-04-21,4,3.33333333333333,3,3,3,2.86666666666667,2.71428571428571,2015,298,"April"
"105",2015-04-22,5,4,3.4,3.14285714285714,2.8,3.13333333333333,2.9047619047619,2015,303,"April"
"106",2015-04-23,3,4,3.8,3.28571428571429,2.9,2.86666666666667,2.80952380952381,2015,306,"April"
"107",2015-04-24,4,3.33333333333333,3.6,3.28571428571429,3.3,2.86666666666667,2.9047619047619,2015,310,"April"
"108",2015-04-25,3,3.33333333333333,2.8,3.14285714285714,3.4,3,2.85714285714286,2015,313,"April"
"109",2015-04-26,3,2.33333333333333,2.8,3.28571428571429,3.1,2.93333333333333,2.71428571428571,2015,316,"April"
"110",2015-04-27,1,2.33333333333333,3.2,3.14285714285714,3.1,3,2.85714285714286,2015,317,"April"
"111",2015-04-28,3,3.33333333333333,3,2.71428571428571,2.9,3,2.80952380952381,2015,320,"April"
"112",2015-04-29,6,3.66666666666667,2.6,3,2.8,2.93333333333333,2.80952380952381,2015,326,"April"
"113",2015-04-30,2,3,3.4,2.71428571428571,2.6,2.86666666666667,2.85714285714286,2015,328,"April"
"114",2015-05-02,1,2.66666666666667,3,3,2.6,2.8,2.9047619047619,2015,329,"May"
"115",2015-05-03,5,2.33333333333333,2.4,2.71428571428571,2.9,2.66666666666667,2.80952380952381,2015,334,"May"
"116",2015-05-04,1,3,2.2,2.28571428571429,2.8,2.66666666666667,2.61904761904762,2015,335,"May"
"117",2015-05-05,3,1.66666666666667,2.6,2.57142857142857,2.4,2.6,2.61904761904762,2015,338,"May"
"118",2015-05-06,1,2.33333333333333,2.4,2.71428571428571,2.5,2.66666666666667,2.57142857142857,2015,339,"May"
"119",2015-05-07,3,2.66666666666667,2.6,2.28571428571429,2.6,2.53333333333333,2.66666666666667,2015,342,"May"
"120",2015-05-08,4,3,2.4,2.57142857142857,2.3,2.33333333333333,2.76190476190476,2015,346,"May"
"121",2015-05-10,2,2.66666666666667,2.8,2.42857142857143,2.3,2.4,2.76190476190476,2015,348,"May"
"122",2015-05-11,2,2.33333333333333,2.6,2.57142857142857,2.3,2.66666666666667,2.76190476190476,2015,350,"May"
"123",2015-05-12,3,2.33333333333333,2.2,2.28571428571429,2.5,2.66666666666667,2.57142857142857,2015,353,"May"
"124",2015-05-14,2,2.33333333333333,2,2.14285714285714,2.7,2.66666666666667,2.61904761904762,2015,355,"May"
"125",2015-05-15,2,1.66666666666667,2.2,2.28571428571429,2.8,2.66666666666667,2.80952380952381,2015,357,"May"
"126",2015-05-16,1,2,2.2,2.71428571428571,2.7,2.73333333333333,2.76190476190476,2015,358,"May"
"127",2015-05-17,3,2.33333333333333,2.8,3,2.8,2.73333333333333,2.85714285714286,2015,361,"May"
"128",2015-05-19,3,3.66666666666667,3.4,2.85714285714286,2.7,2.8,2.80952380952381,2015,364,"May"
"129",2015-05-20,5,4.33333333333333,3.4,3,2.8,2.93333333333333,2.85714285714286,2015,369,"May"
"130",2015-05-21,5,3.66666666666667,3.4,3.14285714285714,3.1,3,2.76190476190476,2015,374,"May"
"131",2015-05-22,1,3,3.2,3.14285714285714,3.4,2.93333333333333,2.66666666666667,2015,375,"May"
"132",2015-05-23,3,2,2.8,3.42857142857143,3.4,2.93333333333333,2.80952380952381,2015,378,"May"
"133",2015-05-25,2,2.66666666666667,2.8,3.28571428571429,3.3,2.86666666666667,2.80952380952381,2015,380,"May"
"134",2015-05-26,3,3.33333333333333,3.4,3,3,2.93333333333333,2.9047619047619,2015,383,"May"
"135",2015-05-27,5,4,3.4,3.14285714285714,2.6,3.06666666666667,2.9047619047619,2015,388,"May"
"136",2015-05-28,4,4,3.4,3,2.7,3,2.95238095238095,2015,392,"May"
"137",2015-05-29,3,3,3.2,2.85714285714286,2.9,3,3.0952380952381,2015,395,"May"
"138",2015-05-30,2,2.33333333333333,2.4,2.71428571428571,2.9,2.8,3,2015,397,"May"
"139",2015-05-31,2,1.66666666666667,2,2.71428571428571,3.1,2.93333333333333,3.0952380952381,2015,399,"May"
"140",2015-06-01,1,1.66666666666667,2.4,2.42857142857143,2.8,3,2.9047619047619,2015,400,"June"
"141",2015-06-02,2,2.66666666666667,2.4,2.71428571428571,2.7,2.93333333333333,2.80952380952381,2015,402,"June"
"142",2015-06-03,5,3,3,2.71428571428571,2.8,3.06666666666667,2.85714285714286,2015,407,"June"
"143",2015-06-05,2,4,3.2,2.85714285714286,2.7,2.8,2.76190476190476,2015,409,"June"
"144",2015-06-06,5,3,3.4,3.28571428571429,3,2.73333333333333,2.76190476190476,2015,414,"June"
"145",2015-06-07,2,3.33333333333333,3.2,3.14285714285714,3,2.66666666666667,2.71428571428571,2015,416,"June"
"146",2015-06-08,3,3,3,3.14285714285714,3.1,2.6,2.52380952380952,2015,419,"June"
"147",2015-06-09,4,2.66666666666667,3,3,2.8,2.6,2.47619047619048,2015,423,"June"
"148",2015-06-10,1,3.33333333333333,2.8,2.71428571428571,2.7,2.66666666666667,2.38095238095238,2015,424,"June"
"149",2015-06-11,5,2.33333333333333,2.8,2.71428571428571,2.4,2.6,2.38095238095238,2015,429,"June"
"150",2015-06-12,1,3,2.4,2.42857142857143,2.4,2.46666666666667,2.47619047619048,2015,430,"June"
"151",2015-06-13,3,2,2.4,2.14285714285714,2.2,2.4,2.61904761904762,2015,433,"June"
"152",2015-06-14,2,2,1.8,2.28571428571429,2.1,2.2,2.57142857142857,2015,435,"June"
"153",2015-06-15,1,1.66666666666667,2,1.71428571428571,2.1,2.33333333333333,2.42857142857143,2015,436,"June"
"154",2015-06-16,2,1.66666666666667,1.6,2,1.8,2.4,2.42857142857143,2015,438,"June"
"155",2015-06-17,2,1.66666666666667,1.8,1.71428571428571,2.1,2.2,2.23809523809524,2015,440,"June"
"156",2015-06-18,1,2,1.8,1.71428571428571,2.2,2.26666666666667,2.19047619047619,2015,441,"June"
"157",2015-06-19,3,1.66666666666667,1.8,2.14285714285714,2.1,2.06666666666667,2.0952380952381,2015,444,"June"
"158",2015-06-20,1,2,2.2,2.42857142857143,2.2,2.06666666666667,1.95238095238095,2015,445,"June"
"159",2015-06-21,2,2.33333333333333,2.8,2.28571428571429,2.2,1.93333333333333,2,2015,447,"June"
"160",2015-06-22,4,3.33333333333333,2.4,2.42857142857143,2.1,1.86666666666667,1.95238095238095,2015,451,"June"
"161",2015-06-23,4,3,2.6,2.28571428571429,2.1,1.86666666666667,2.0952380952381,2015,455,"June"
"162",2015-06-24,1,2.33333333333333,2.6,2.28571428571429,1.9,1.86666666666667,2.14285714285714,2015,456,"June"
"163",2015-06-25,2,1.66666666666667,2,2.14285714285714,1.9,2,2.23809523809524,2015,458,"June"
"164",2015-06-26,2,1.66666666666667,1.4,1.71428571428571,1.9,2.2,2.42857142857143,2015,460,"June"
"165",2015-06-27,1,1.33333333333333,1.4,1.28571428571429,1.9,2.26666666666667,2.71428571428571,2015,461,"June"
"166",2015-06-28,1,1,1.2,1.42857142857143,1.9,2.46666666666667,2.71428571428571,2015,462,"June"
"167",2015-06-29,1,1,1.2,1.71428571428571,2.2,2.66666666666667,2.95238095238095,2015,463,"June"
"168",2015-06-30,1,1.33333333333333,1.8,2,2.4,2.93333333333333,2.95238095238095,2015,464,"June"
"169",2015-07-01,2,2.33333333333333,2.4,2.42857142857143,2.7,2.8,2.95238095238095,2015,466,"July"
"170",2015-07-02,4,3.33333333333333,3,2.85714285714286,3.4,3.13333333333333,3.0952380952381,2015,470,"July"
"171",2015-07-03,4,4,3.6,3.42857142857143,3.5,3.2,3.0952380952381,2015,474,"July"
"172",2015-07-04,4,4,4.2,4.42857142857143,4,3.13333333333333,3,2015,478,"July"
"173",2015-07-05,4,4.33333333333333,5,4.42857142857143,4.2,3.4,3,2015,482,"July"
"174",2015-07-06,5,5.66666666666667,4.6,4.71428571428571,4.1,3.6,3.23809523809524,2015,487,"July"
"175",2015-07-07,8,5,5,4.57142857142857,4.2,3.66666666666667,3.38095238095238,2015,495,"July"
"176",2015-07-08,2,5.33333333333333,4.8,4.14285714285714,4.2,3.66666666666667,3.47619047619048,2015,497,"July"
"177",2015-07-09,6,3.66666666666667,4,4.28571428571429,4,4,3.47619047619048,2015,503,"July"
"178",2015-07-10,3,3.33333333333333,3.4,4.14285714285714,3.7,4.06666666666667,3.52380952380952,2015,506,"July"
"179",2015-07-11,1,3,3.8,3.28571428571429,3.9,4,3.61904761904762,2015,507,"July"
"180",2015-07-12,5,3.33333333333333,3,3.14285714285714,3.6,3.8,3.66666666666667,2015,512,"July"
"181",2015-07-13,4,3.66666666666667,2.6,3.28571428571429,3.7,3.66666666666667,3.71428571428571,2015,516,"July"
"182",2015-07-14,2,2.33333333333333,3.8,3.57142857142857,3.2,3.53333333333333,3.61904761904762,2015,518,"July"
"183",2015-07-15,1,3.33333333333333,3.8,3.85714285714286,3.1,3.2,3.61904761904762,2015,519,"July"
"184",2015-07-16,7,4.33333333333333,3.6,3.28571428571429,3.3,3.4,3.52380952380952,2015,526,"July"
"185",2015-07-17,5,5,3.4,3,3.1,3.13333333333333,3.42857142857143,2015,531,"July"
"186",2015-07-18,3,3,3.6,3.14285714285714,3.2,3.2,3.0952380952381,2015,534,"July"
"187",2015-07-19,1,2,2.8,3.42857142857143,3.2,3.26666666666667,3.0952380952381,2015,535,"July"
"188",2015-07-20,2,2,2.4,3.14285714285714,3.5,3.13333333333333,3,2015,537,"July"
"189",2015-07-21,3,2.66666666666667,2.8,2.71428571428571,3,2.93333333333333,2.95238095238095,2015,540,"July"
"190",2015-07-22,3,3.66666666666667,3,2.85714285714286,2.8,2.93333333333333,3,2015,543,"July"
"191",2015-07-23,5,3.33333333333333,3.4,3,2.6,3.13333333333333,2.80952380952381,2015,548,"July"
"192",2015-07-24,2,3.66666666666667,3.2,3.14285714285714,2.7,2.8,2.80952380952381,2015,550,"July"
"193",2015-07-25,4,2.66666666666667,3.2,2.85714285714286,2.9,2.6,2.80952380952381,2015,554,"July"
"194",2015-07-26,2,3,2.4,2.71428571428571,2.8,2.46666666666667,3.04761904761905,2015,556,"July"
"195",2015-07-27,3,2,2.4,2.57142857142857,2.7,2.66666666666667,2.80952380952381,2015,559,"July"
"196",2015-07-28,1,2,2.4,2.57142857142857,2.3,2.66666666666667,2.85714285714286,2015,560,"July"
"197",2015-07-29,2,2.33333333333333,2.4,2.28571428571429,2.5,2.86666666666667,2.9047619047619,2015,562,"July"
"198",2015-07-30,4,2.66666666666667,2.2,2.14285714285714,2.3,2.8,3.04761904761905,2015,566,"July"
"199",2015-07-31,2,2.66666666666667,2.2,2.28571428571429,2.7,2.86666666666667,3,2015,568,"July"
"200",2015-08-01,2,1.66666666666667,2.6,2.42857142857143,2.6,3,2.95238095238095,2015,570,"August"
"201",2015-08-02,1,2.33333333333333,2.2,3,3.1,3,3.0952380952381,2015,571,"August"
"202",2015-08-03,4,2.33333333333333,3,2.71428571428571,3.3,2.93333333333333,3.04761904761905,2015,575,"August"
"203",2015-08-04,2,4,3,3.28571428571429,3.3,2.86666666666667,3.14285714285714,2015,577,"August"
"204",2015-08-05,6,3.33333333333333,4,3.57142857142857,3.2,3.2,3.04761904761905,2015,583,"August"
"205",2015-08-06,2,4.66666666666667,4,4,3.2,3.33333333333333,3.04761904761905,2015,585,"August"
"206",2015-08-07,6,4,4.4,3.57142857142857,3.7,3.33333333333333,3.0952380952381,2015,591,"August"
"207",2015-08-08,4,4.66666666666667,3.4,3.57142857142857,3.7,3.33333333333333,3.19047619047619,2015,595,"August"
"208",2015-08-09,4,3,3.4,3.57142857142857,3.9,3.33333333333333,3.23809523809524,2015,599,"August"
"209",2015-08-10,1,2.33333333333333,3.4,3.85714285714286,3.5,3.53333333333333,3.28571428571429,2015,600,"August"
"210",2015-08-11,2,3,3.4,3.57142857142857,3.5,3.46666666666667,3.42857142857143,2015,602,"August"
"211",2015-08-12,6,4,3.4,3.28571428571429,3.3,3.53333333333333,3.57142857142857,2015,608,"August"
"212",2015-08-14,4,4.66666666666667,3.6,3,3.2,3.46666666666667,3.66666666666667,2015,612,"August"
"213",2015-08-15,4,3.33333333333333,3.6,3.42857142857143,3.1,3.66666666666667,3.66666666666667,2015,616,"August"
"214",2015-08-16,2,2.66666666666667,3.2,3.57142857142857,3.5,3.6,3.76190476190476,2015,618,"August"
"215",2015-08-17,2,2.66666666666667,3,3.14285714285714,3.8,3.53333333333333,3.61904761904762,2015,620,"August"
"216",2015-08-19,4,3,2.8,3.28571428571429,3.7,3.53333333333333,3.61904761904762,2015,624,"August"
"217",2015-08-20,3,3.33333333333333,3.4,3.42857142857143,3.6,3.73333333333333,3.38095238095238,2015,627,"August"
"218",2015-08-21,3,3.66666666666667,4,3.85714285714286,3.6,3.8,3.33333333333333,2015,630,"August"
"219",2015-08-22,5,4.33333333333333,4.2,4,3.8,3.53333333333333,3.19047619047619,2015,635,"August"
"220",2015-08-23,5,5,4.2,4,3.9,3.33333333333333,3.19047619047619,2015,640,"August"
"221",2015-08-25,5,4.33333333333333,4.4,4.14285714285714,3.7,3.26666666666667,3.33333333333333,2015,645,"August"
"222",2015-08-26,3,4,4.2,4.14285714285714,3.5,3.2,3.23809523809524,2015,648,"August"
"223",2015-08-27,4,3.66666666666667,3.8,3.71428571428571,3.5,3.13333333333333,3.19047619047619,2015,652,"August"
"224",2015-08-28,4,3.66666666666667,3.2,3.14285714285714,3.1,3.2,3.04761904761905,2015,656,"August"
"225",2015-08-29,3,3,2.8,2.85714285714286,2.7,3.26666666666667,3,2015,659,"August"
"226",2015-08-30,2,2,2.6,2.57142857142857,2.7,3.26666666666667,3.0952380952381,2015,661,"August"
"227",2015-08-31,1,2,2,2.14285714285714,2.8,3,3.14285714285714,2015,662,"August"
"228",2015-09-01,3,1.66666666666667,1.6,2.28571428571429,2.7,2.73333333333333,3.0952380952381,2015,665,"September"
"229",2015-09-02,1,1.66666666666667,2.2,2.42857142857143,2.4,2.66666666666667,3.04761904761905,2015,666,"September"
"230",2015-09-03,1,2.33333333333333,2.8,2.57142857142857,2.2,2.8,2.95238095238095,2015,667,"September"
"231",2015-09-04,5,3.33333333333333,2.8,2.57142857142857,2.4,2.66666666666667,2.80952380952381,2015,672,"September"
"232",2015-09-05,4,4,2.8,2.28571428571429,2.8,2.53333333333333,2.80952380952381,2015,676,"September"
"233",2015-09-06,3,2.66666666666667,2.8,2.71428571428571,2.7,2.53333333333333,2.71428571428571,2015,679,"September"
"234",2015-09-07,1,1.66666666666667,2.6,3.28571428571429,2.8,2.53333333333333,2.61904761904762,2015,680,"September"
"235",2015-09-08,1,2,2.8,2.85714285714286,3,2.8,2.52380952380952,2015,681,"September"
"236",2015-09-09,4,3.33333333333333,2.6,2.57142857142857,2.7,2.66666666666667,2.47619047619048,2015,685,"September"
"237",2015-09-10,5,3.66666666666667,2.8,2.57142857142857,2.8,2.73333333333333,2.47619047619048,2015,690,"September"
"238",2015-09-11,2,3,3.2,2.71428571428571,2.6,2.8,2.71428571428571,2015,692,"September"
"239",2015-09-12,2,2.33333333333333,2.8,3.28571428571429,2.7,2.6,2.76190476190476,2015,694,"September"
"240",2015-09-13,3,2.33333333333333,2.8,2.85714285714286,2.8,2.46666666666667,2.95238095238095,2015,697,"September"
"241",2015-09-14,2,3.33333333333333,2.6,2.42857142857143,2.6,2.66666666666667,3.04761904761905,2015,699,"September"
"242",2015-09-15,5,2.66666666666667,2.6,2.42857142857143,2.3,2.86666666666667,2.95238095238095,2015,704,"September"
"243",2015-09-16,1,2.66666666666667,2.4,2.42857142857143,2.7,3.13333333333333,2.85714285714286,2015,705,"September"
"244",2015-09-17,2,1.66666666666667,2.4,2.28571428571429,2.9,3.06666666666667,2.85714285714286,2015,707,"September"
"245",2015-09-18,2,2,1.8,2.85714285714286,3.1,2.93333333333333,2.9047619047619,2015,709,"September"
"246",2015-09-19,2,2,2.8,2.71428571428571,3.2,2.93333333333333,2.95238095238095,2015,711,"September"
"247",2015-09-20,2,3.33333333333333,3.2,3.28571428571429,3,3,2.80952380952381,2015,713,"September"
"248",2015-09-21,6,4,3.8,3.42857142857143,3.1,2.93333333333333,2.76190476190476,2015,719,"September"
"249",2015-09-22,4,5,4,3.57142857142857,3.2,2.93333333333333,2.80952380952381,2015,723,"September"
"250",2015-09-23,5,4,4.2,3.57142857142857,3.2,2.66666666666667,2.9047619047619,2015,728,"September"
"251",2015-09-24,3,3.66666666666667,3.4,3.71428571428571,3.2,2.86666666666667,2.80952380952381,2015,731,"September"
"252",2015-09-25,3,2.66666666666667,3.2,3.14285714285714,3.1,2.93333333333333,2.76190476190476,2015,734,"September"
"253",2015-09-26,2,2.66666666666667,2.6,2.85714285714286,2.9,3.06666666666667,2.61904761904762,2015,736,"September"
"254",2015-09-27,3,2.33333333333333,2.4,2.28571428571429,2.8,3,2.80952380952381,2015,739,"September"
"255",2015-09-28,2,2.33333333333333,2,2.42857142857143,2.7,2.93333333333333,2.9047619047619,2015,741,"September"
"256",2015-09-29,2,1.66666666666667,2.4,2.42857142857143,2.5,2.66666666666667,2.85714285714286,2015,743,"September"
"257",2015-09-30,1,2.33333333333333,2.4,2.71428571428571,2.3,2.73333333333333,3,2015,744,"September"
"258",2015-10-02,4,2.66666666666667,2.8,2.42857142857143,2.3,2.66666666666667,3.23809523809524,2015,748,"October"
"259",2015-10-04,3,3.66666666666667,2.6,2.28571428571429,2.5,2.53333333333333,3.14285714285714,2015,751,"October"
"260",2015-10-05,4,2.66666666666667,2.6,2.28571428571429,2.7,2.66666666666667,3.04761904761905,2015,755,"October"
"261",2015-10-06,1,2,2.2,2.85714285714286,2.6,3,2.9047619047619,2015,756,"October"
"262",2015-10-07,1,1.33333333333333,2.6,2.85714285714286,3,3.06666666666667,2.80952380952381,2015,757,"October"
"263",2015-10-09,2,2.66666666666667,2.6,2.57142857142857,3.3,3.06666666666667,2.9047619047619,2015,759,"October"
"264",2015-10-10,5,3.66666666666667,2.6,2.71428571428571,3.4,3.06666666666667,2.95238095238095,2015,764,"October"
"265",2015-10-11,4,3.33333333333333,3.4,3.57142857142857,3.2,3.06666666666667,2.95238095238095,2015,768,"October"
"266",2015-10-12,1,3.33333333333333,4.4,4,3.3,3.13333333333333,3.14285714285714,2015,769,"October"
"267",2015-10-14,5,4.33333333333333,4.2,4,3.3,3.13333333333333,3.0952380952381,2015,774,"October"
"268",2015-10-15,7,5.33333333333333,3.8,3.57142857142857,3.6,3.06666666666667,3.19047619047619,2015,781,"October"
"269",2015-10-16,4,4.33333333333333,4,3.14285714285714,3.4,3.4,3.04761904761905,2015,785,"October"
"270",2015-10-17,2,2.66666666666667,3.2,3.71428571428571,3.3,3.4,3.0952380952381,2015,787,"October"
"271",2015-10-18,2,1.66666666666667,2.8,3.42857142857143,3.8,3.46666666666667,2.95238095238095,2015,789,"October"
"272",2015-10-19,1,2.66666666666667,2.6,2.85714285714286,3.4,3.2,3.19047619047619,2015,790,"October"
"273",2015-10-20,5,3,2.8,3.14285714285714,3,3.2,3.23809523809524,2015,795,"October"
"274",2015-10-21,3,3.66666666666667,3.6,3,2.7,3.2,3.28571428571429,2015,798,"October"
"275",2015-10-22,3,4,3.6,3.14285714285714,2.9,3.26666666666667,3.0952380952381,2015,801,"October"
"276",2015-10-24,6,3.33333333333333,3.2,3.14285714285714,2.8,2.93333333333333,2.95238095238095,2015,807,"October"
"277",2015-10-25,1,3.33333333333333,2.8,3,3.3,2.86666666666667,3.0952380952381,2015,808,"October"
"278",2015-10-26,3,1.66666666666667,3,2.71428571428571,3,2.8,3.04761904761905,2015,811,"October"
"279",2015-10-27,1,2.66666666666667,2,3.14285714285714,3,2.73333333333333,2.85714285714286,2015,812,"October"
"280",2015-10-28,4,2,3,2.57142857142857,2.8,2.93333333333333,2.9047619047619,2015,816,"October"
"281",2015-10-29,1,3.66666666666667,2.8,2.85714285714286,2.3,2.86666666666667,3,2015,817,"October"
"282",2015-10-30,6,3,3.2,2.57142857142857,2.6,2.86666666666667,3.0952380952381,2015,823,"October"
"283",2015-10-31,2,3.66666666666667,2.6,2.57142857142857,2.7,3,3.0952380952381,2015,825,"October"
"284",2015-11-01,3,2,2.6,2.57142857142857,2.9,2.86666666666667,3,2015,828,"November"
"285",2015-11-02,1,1.66666666666667,2.2,3,3,3.06666666666667,2.9047619047619,2015,829,"November"
"286",2015-11-03,1,2,2.6,2.57142857142857,3.3,2.93333333333333,2.95238095238095,2015,830,"November"
"287",2015-11-04,4,3,2.6,3,3.1,3.06666666666667,2.76190476190476,2015,834,"November"
"288",2015-11-05,4,3.66666666666667,3.4,3.14285714285714,3,2.86666666666667,3,2015,838,"November"
"289",2015-11-06,3,4,4,3.57142857142857,3,3.06666666666667,2.95238095238095,2015,841,"November"
"290",2015-11-09,5,4,4,3.57142857142857,3,2.8,3.04761904761905,2015,846,"November"
"291",2015-11-10,4,4.33333333333333,3.4,3.42857142857143,3.3,3.06666666666667,3,2015,850,"November"
"292",2015-11-11,4,3,3.4,3,3.1,3,3,2015,854,"November"
"293",2015-11-12,1,2.66666666666667,2.6,3.14285714285714,3.3,3.13333333333333,2.85714285714286,2015,855,"November"
"294",2015-11-13,3,1.66666666666667,2.6,2.71428571428571,3.2,3.26666666666667,2.85714285714286,2015,858,"November"
"295",2015-11-14,1,2.66666666666667,2.2,3,3,3.06666666666667,2.85714285714286,2015,859,"November"
"296",2015-11-15,4,2.33333333333333,3.2,2.71428571428571,2.9,3,2.95238095238095,2015,863,"November"
"297",2015-11-16,2,4,3,3,2.6,2.93333333333333,2.95238095238095,2015,865,"November"
"298",2015-11-17,6,3.33333333333333,3.4,3,2.8,2.8,2.80952380952381,2015,871,"November"
"299",2015-11-18,2,3.66666666666667,3.2,3,2.7,2.73333333333333,2.66666666666667,2015,873,"November"
"300",2015-11-19,3,2.66666666666667,3,2.85714285714286,2.9,2.53333333333333,2.76190476190476,2015,876,"November"
"301",2015-11-20,3,2.33333333333333,2.4,2.85714285714286,2.8,2.53333333333333,2.66666666666667,2015,879,"November"
"302",2015-11-21,1,2.33333333333333,2.4,2.42857142857143,2.7,2.4,2.57142857142857,2015,880,"November"
"303",2015-11-22,3,2,2.4,2.57142857142857,2.2,2.66666666666667,2.66666666666667,2015,883,"November"
"304",2015-11-23,2,2.66666666666667,2.4,2.28571428571429,2.1,2.6,2.66666666666667,2015,885,"November"
"305",2015-11-24,3,2.66666666666667,2.4,2,2.3,2.6,2.61904761904762,2015,888,"November"
"306",2015-11-25,3,2.33333333333333,2,2,2.3,2.6,2.80952380952381,2015,891,"November"
"307",2015-11-26,1,1.66666666666667,1.8,2.28571428571429,2.4,2.53333333333333,2.76190476190476,2015,892,"November"
"308",2015-11-27,1,1,2.2,2.42857142857143,2.7,2.46666666666667,2.76190476190476,2015,893,"November"
"309",2015-11-28,1,2.33333333333333,2.2,2.28571428571429,2.6,2.6,2.57142857142857,2015,894,"November"
"310",2015-11-29,5,3,2.4,2.71428571428571,2.5,2.73333333333333,2.61904761904762,2015,899,"November"
"311",2015-11-30,3,3.33333333333333,3.4,2.71428571428571,2.7,2.66666666666667,2.52380952380952,2015,902,"November"
"312",2015-12-01,2,3.66666666666667,3.4,2.85714285714286,2.9,2.66666666666667,2.66666666666667,2015,904,"December"
"313",2015-12-02,6,3,2.8,3.42857142857143,3,2.66666666666667,2.80952380952381,2015,910,"December"
"314",2015-12-03,1,3,3.2,3.14285714285714,3.1,2.53333333333333,3.04761904761905,2015,911,"December"
"315",2015-12-04,2,2.66666666666667,3.4,3,2.9,2.86666666666667,3,2015,913,"December"
"316",2015-12-05,5,3.33333333333333,2.6,3,2.7,3.06666666666667,2.9047619047619,2015,918,"December"
"317",2015-12-06,3,3.33333333333333,2.8,2.57142857142857,3.1,3.53333333333333,2.85714285714286,2015,921,"December"
"318",2015-12-08,2,2.33333333333333,3,2.57142857142857,2.9,3.26666666666667,2.95238095238095,2015,923,"December"
"319",2015-12-09,2,2.33333333333333,2.2,3.14285714285714,3.6,3.13333333333333,2.95238095238095,2015,925,"December"
"320",2015-12-10,3,2,2.8,3,3.5,3.13333333333333,3,2015,928,"December"
"321",2015-12-11,1,3.33333333333333,3.2,3.71428571428571,3.1,2.93333333333333,3.04761904761905,2015,929,"December"
"322",2015-12-12,6,3.66666666666667,4.4,3.57142857142857,3,2.93333333333333,3.0952380952381,2015,935,"December"
"323",2015-12-13,4,6,4,3.42857142857143,3.1,2.93333333333333,3.04761904761905,2015,939,"December"
"324",2015-12-14,8,4.33333333333333,4,3.28571428571429,3,3,3,2015,947,"December"
"325",2015-12-15,1,3.33333333333333,3.2,3.57142857142857,2.9,3.06666666666667,3,2015,948,"December"
"326",2015-12-16,1,1.33333333333333,3,2.85714285714286,3.4,3,3.0952380952381,2015,949,"December"
"327",2015-12-17,2,2,1.6,2.57142857142857,3.2,3.2,3,2015,951,"December"
"328",2015-12-18,3,2,1.8,2.28571428571429,2.9,3.06666666666667,2.9047619047619,2015,954,"December"
"329",2015-12-19,1,2,2.8,2.71428571428571,2.6,3.26666666666667,2.85714285714286,2015,955,"December"
"330",2015-12-20,2,3,3.2,2.71428571428571,2.6,3.06666666666667,2.85714285714286,2015,957,"December"
"331",2015-12-21,6,4,2.8,3.14285714285714,2.9,2.86666666666667,2.76190476190476,2015,963,"December"
"332",2015-12-22,4,3.66666666666667,3.6,2.85714285714286,3,2.4,2.76190476190476,2015,967,"December"
"333",2015-12-23,1,3.33333333333333,3.4,3.28571428571429,2.8,2.46666666666667,2.61904761904762,2015,968,"December"
"334",2015-12-24,5,2.33333333333333,3,3.42857142857143,2.8,2.46666666666667,2.47619047619048,2015,973,"December"
"335",2015-12-25,1,3.33333333333333,2.8,2.71428571428571,2.8,2.4,2.19047619047619,2015,974,"December"
"336",2015-12-26,4,2.66666666666667,2.8,2.28571428571429,2.3,2.4,2.42857142857143,2015,978,"December"
"337",2015-12-27,3,2.66666666666667,2,2.42857142857143,2,2.4,2.52380952380952,2015,981,"December"
"338",2015-12-28,1,1.66666666666667,2.2,1.85714285714286,2.2,2.4,2.52380952380952,2015,982,"December"
"339",2015-12-29,1,1.33333333333333,1.6,1.85714285714286,1.8,2.4,2.47619047619048,2015,983,"December"
"340",2015-12-30,2,1.33333333333333,1.2,1.71428571428571,1.9,2.33333333333333,2.61904761904762,2015,985,"December"
"341",2015-12-31,1,1.33333333333333,1.6,1.42857142857143,2.1,2.4,2.61904761904762,2015,986,"December"
"342",2016-01-01,1,1.66666666666667,1.6,1.57142857142857,2.1,2.2,2.42857142857143,2016,1,"January"
"343",2016-01-02,3,1.66666666666667,1.6,2.28571428571429,2.2,2.4,2.33333333333333,2016,4,"January"
"344",2016-01-03,1,2,2.6,2.42857142857143,2.3,2.26666666666667,2.38095238095238,2016,5,"January"
"345",2016-01-04,2,3,3,2.57142857142857,2.5,2.2,2.42857142857143,2016,7,"January"
"346",2016-01-05,6,3.66666666666667,2.8,2.71428571428571,2.6,2.26666666666667,2.61904761904762,2016,13,"January"
"347",2016-01-06,3,3.66666666666667,3,2.85714285714286,2.7,2.33333333333333,2.66666666666667,2016,16,"January"
"348",2016-01-08,2,2.33333333333333,3.4,3,2.6,2.6,2.66666666666667,2016,18,"January"
"349",2016-01-10,2,2.66666666666667,2.6,3,2.7,2.86666666666667,2.76190476190476,2016,20,"January"
"350",2016-01-11,4,2.66666666666667,2.4,2.42857142857143,3.1,3.13333333333333,2.76190476190476,2016,24,"January"
"351",2016-01-12,2,2.66666666666667,2.4,2.28571428571429,3,3.13333333333333,2.71428571428571,2016,26,"January"
"352",2016-01-13,2,2,2.4,2.85714285714286,3.2,3.26666666666667,2.71428571428571,2016,28,"January"
"353",2016-01-14,2,2,2.8,3.28571428571429,3.3,3.2,2.71428571428571,2016,30,"January"
"354",2016-01-15,2,3.33333333333333,3.4,3.42857142857143,3.4,2.86666666666667,2.95238095238095,2016,32,"January"
"355",2016-01-16,6,4.33333333333333,4,3.57142857142857,3.1,2.73333333333333,3.04761904761905,2016,38,"January"
"356",2016-01-17,5,5.33333333333333,4.2,3.71428571428571,3,2.66666666666667,3.0952380952381,2016,43,"January"
"357",2016-01-18,5,4.33333333333333,4.4,3.57142857142857,2.9,3.06666666666667,3,2016,48,"January"
"358",2016-01-19,3,3.66666666666667,3.4,3.42857142857143,2.8,3,3.0952380952381,2016,51,"January"
"359",2016-01-20,3,2.33333333333333,2.6,2.71428571428571,3.4,3.06666666666667,3.0952380952381,2016,54,"January"
"360",2016-01-21,1,1.66666666666667,1.8,2.14285714285714,3.1,3.2,3.04761904761905,2016,55,"January"
"361",2016-01-23,1,1,1.4,2.57142857142857,2.9,3.4,3,2016,56,"January"
"362",2016-01-25,1,1,2.4,2.57142857142857,2.8,3.4,3.14285714285714,2016,57,"January"
"363",2016-01-26,1,3.33333333333333,2.8,2.57142857142857,3,3.06666666666667,3.23809523809524,2016,58,"January"
"364",2016-01-27,8,4,3.2,3,2.9,2.93333333333333,3.19047619047619,2016,66,"January"
"365",2016-01-28,3,4.66666666666667,3.8,3.57142857142857,2.9,2.93333333333333,3.23809523809524,2016,69,"January"
"366",2016-01-29,3,3.33333333333333,4.6,3.71428571428571,3.1,3,3.0952380952381,2016,72,"January"
"367",2016-01-30,4,4,3.4,3.71428571428571,3.5,2.86666666666667,2.95238095238095,2016,76,"January"
"368",2016-01-31,5,3.66666666666667,3,3,3.8,3,2.95238095238095,2016,81,"January"
"369",2016-02-01,2,2.66666666666667,3,3.28571428571429,3.1,3.13333333333333,3,2016,83,"February"
"370",2016-02-02,1,2,3.2,3.42857142857143,3.1,3.2,3,2016,84,"February"
"371",2016-02-03,3,3,3,3,3.1,3.46666666666667,3.14285714285714,2016,87,"February"
"372",2016-02-04,5,4,2.8,2.71428571428571,2.9,3.2,3.23809523809524,2016,92,"February"
"373",2016-02-05,4,3.33333333333333,3.2,2.85714285714286,2.9,3.2,3.28571428571429,2016,96,"February"
"374",2016-02-06,1,2.66666666666667,3.2,3,3.1,3.26666666666667,3.38095238095238,2016,97,"February"
"375",2016-02-07,3,2.33333333333333,2.6,3.28571428571429,3.3,3.2,3.04761904761905,2016,100,"February"
"376",2016-02-08,3,2.66666666666667,2.8,3.14285714285714,3.4,3,3.0952380952381,2016,103,"February"
"377",2016-02-09,2,3.33333333333333,3.4,3,3.2,3.06666666666667,3.04761904761905,2016,105,"February"
"378",2016-02-10,5,3.66666666666667,3.4,3.42857142857143,3,3.06666666666667,3.04761904761905,2016,110,"February"
"379",2016-02-11,4,4,3.6,3.42857142857143,3.2,3.13333333333333,3.04761904761905,2016,114,"February"
"380",2016-02-12,3,3.66666666666667,3.8,3.28571428571429,3,2.93333333333333,3.14285714285714,2016,117,"February"
"381",2016-02-13,4,3.33333333333333,3.2,3.42857142857143,3.1,2.93333333333333,3.28571428571429,2016,121,"February"
"382",2016-02-14,3,3,3,2.85714285714286,3.1,3.2,3.38095238095238,2016,124,"February"
"383",2016-02-15,2,2.66666666666667,2.6,2.85714285714286,3,3.26666666666667,3.28571428571429,2016,126,"February"
"384",2016-02-16,3,2,2.6,2.71428571428571,3.1,3.33333333333333,3.19047619047619,2016,129,"February"
"385",2016-02-17,1,2.66666666666667,2.4,2.71428571428571,3.2,3.53333333333333,3.19047619047619,2016,130,"February"
"386",2016-02-18,4,2.33333333333333,2.8,3,3.2,3.4,3.14285714285714,2016,134,"February"
"387",2016-02-19,2,3.33333333333333,3.2,3.28571428571429,3.4,3.26666666666667,3.04761904761905,2016,136,"February"
"388",2016-02-20,4,3.66666666666667,3.8,3.42857142857143,3.5,3.13333333333333,3.0952380952381,2016,140,"February"
"389",2016-02-21,5,4.33333333333333,3.8,4,3.4,3,2.95238095238095,2016,145,"February"
"390",2016-02-22,4,4.33333333333333,4.4,3.85714285714286,3.4,2.86666666666667,2.80952380952381,2016,149,"February"
"391",2016-02-23,4,4.33333333333333,4.2,3.85714285714286,3.2,2.93333333333333,2.76190476190476,2016,153,"February"
"392",2016-02-24,5,4,3.6,3.42857142857143,3.1,2.86666666666667,2.66666666666667,2016,158,"February"
"393",2016-02-25,3,3.33333333333333,3,3,3,2.86666666666667,2.66666666666667,2016,161,"February"
"394",2016-02-26,2,2,2.6,2.57142857142857,2.7,2.73333333333333,2.80952380952381,2016,163,"February"
"395",2016-02-27,1,1.66666666666667,1.8,2.42857142857143,2.4,2.73333333333333,2.71428571428571,2016,164,"February"
"396",2016-02-28,2,1.33333333333333,1.8,2,2.2,2.66666666666667,2.9047619047619,2016,166,"February"
"397",2016-02-29,1,2,1.8,1.71428571428571,1.9,2.66666666666667,2.9047619047619,2016,167,"February"
"398",2016-03-01,3,2,1.8,1.71428571428571,1.9,2.46666666666667,2.95238095238095,2016,170,"March"
"399",2016-03-02,2,2,1.8,1.85714285714286,2.2,2.53333333333333,3.0952380952381,2016,172,"March"
"400",2016-03-03,1,1.66666666666667,2,2,2.2,2.46666666666667,2.9047619047619,2016,173,"March"
"401",2016-03-04,2,1.66666666666667,2,2.57142857142857,2.5,2.46666666666667,2.85714285714286,2016,175,"March"
"402",2016-03-05,2,2.33333333333333,2.6,2.28571428571429,2.8,2.8,2.80952380952381,2016,177,"March"
"403",2016-03-06,3,3.33333333333333,2.6,2.71428571428571,2.8,2.8,2.76190476190476,2016,180,"March"
"404",2016-03-07,5,3,3.2,3.14285714285714,3.3,2.86666666666667,2.71428571428571,2016,185,"March"
"405",2016-03-08,1,3.66666666666667,3.6,3.28571428571429,3.3,3,2.80952380952381,2016,186,"March"
"406",2016-03-10,5,3.33333333333333,3.6,4,3.4,3.06666666666667,2.95238095238095,2016,191,"March"
"407",2016-03-11,4,4,4,3.71428571428571,3.5,3.06666666666667,3,2016,195,"March"
"408",2016-03-12,3,4.66666666666667,4,3.42857142857143,3.6,3.26666666666667,3.04761904761905,2016,198,"March"
"409",2016-03-13,7,3.66666666666667,3.6,3.71428571428571,3.3,3.4,3.04761904761905,2016,205,"March"
"410",2016-03-14,1,3.66666666666667,3.4,3.57142857142857,3.6,3.46666666666667,3.23809523809524,2016,206,"March"
"411",2016-03-15,3,2.33333333333333,3.6,3.28571428571429,3.5,3.4,3.38095238095238,2016,209,"March"
"412",2016-03-16,3,3.33333333333333,2.6,3.42857142857143,3.4,3.26666666666667,3.52380952380952,2016,212,"March"
"413",2016-03-17,4,3,3.2,3,3.3,3.6,3.57142857142857,2016,216,"March"
"414",2016-03-18,2,3.33333333333333,3.4,3.28571428571429,2.9,3.53333333333333,3.57142857142857,2016,218,"March"
"415",2016-03-19,4,3.33333333333333,3.4,3.14285714285714,3.4,3.6,3.52380952380952,2016,222,"March"
"416",2016-03-20,4,3.66666666666667,3,3.14285714285714,3.5,3.6,3.57142857142857,2016,226,"March"
"417",2016-03-21,3,3,3.2,3.42857142857143,3.7,3.33333333333333,3.38095238095238,2016,229,"March"
"418",2016-03-22,2,2.66666666666667,3.6,3.71428571428571,3.6,3.53333333333333,3.38095238095238,2016,231,"March"
"419",2016-03-23,3,3.66666666666667,3.6,3.85714285714286,3.7,3.46666666666667,3.28571428571429,2016,234,"March"
"420",2016-03-24,6,4.33333333333333,4,3.71428571428571,3.7,3.33333333333333,3.04761904761905,2016,240,"March"
"421",2016-03-26,4,5,4.2,3.71428571428571,3.5,3.33333333333333,3.14285714285714,2016,244,"March"
"422",2016-03-27,5,4,4.2,4,3.3,3.26666666666667,3.0952380952381,2016,249,"March"
"423",2016-03-29,3,3.66666666666667,3.8,3.85714285714286,3.5,3.13333333333333,3.0952380952381,2016,252,"March"
"424",2016-03-30,3,3.33333333333333,3.4,3.14285714285714,3.3,3.06666666666667,3,2016,255,"March"
"425",2016-03-31,4,3,2.6,3.14285714285714,2.9,3,3.04761904761905,2016,259,"March"
"426",2016-04-01,2,2.33333333333333,2.8,2.57142857142857,2.8,3.06666666666667,2.95238095238095,2016,261,"April"
"427",2016-04-02,1,2.33333333333333,2.4,2.42857142857143,2.5,3,2.9047619047619,2016,262,"April"
"428",2016-04-03,4,2,2,2.42857142857143,2.5,2.8,2.9047619047619,2016,266,"April"
"429",2016-04-04,1,2.33333333333333,2.2,2.14285714285714,2.4,2.66666666666667,2.85714285714286,2016,267,"April"
"430",2016-04-05,2,2,2.4,2.28571428571429,2.3,2.53333333333333,2.85714285714286,2016,269,"April"
"431",2016-04-06,3,2.33333333333333,2.2,2.42857142857143,2.3,2.53333333333333,2.61904761904762,2016,272,"April"
"432",2016-04-07,2,2.66666666666667,2.4,2.28571428571429,2.5,2.4,2.66666666666667,2016,274,"April"
"433",2016-04-08,3,2.33333333333333,2.6,2.42857142857143,2.4,2.33333333333333,2.52380952380952,2016,277,"April"
"434",2016-04-09,2,2.66666666666667,2.4,2.57142857142857,2.4,2.26666666666667,2.52380952380952,2016,279,"April"
"435",2016-04-10,3,2.33333333333333,2.6,2.57142857142857,2.5,2.53333333333333,2.47619047619048,2016,282,"April"
"436",2016-04-11,2,2.66666666666667,2.6,2.42857142857143,2.3,2.4,2.33333333333333,2016,284,"April"
"437",2016-04-12,3,2.66666666666667,2.4,2.42857142857143,2.6,2.53333333333333,2.33333333333333,2016,287,"April"
"438",2016-04-13,3,2.33333333333333,2.4,2.28571428571429,2.5,2.53333333333333,2.52380952380952,2016,290,"April"
"439",2016-04-14,1,2.33333333333333,2.2,2.57142857142857,2.6,2.4,2.38095238095238,2016,291,"April"
"440",2016-04-15,3,1.66666666666667,2.6,2.57142857142857,2.5,2.4,2.52380952380952,2016,294,"April"
"441",2016-04-16,1,3,2.4,2.57142857142857,2.4,2.53333333333333,2.57142857142857,2016,295,"April"
"442",2016-04-17,5,2.66666666666667,2.8,2.42857142857143,2.3,2.46666666666667,2.61904761904762,2016,300,"April"
"443",2016-04-18,2,3.33333333333333,2.6,2.42857142857143,2.5,2.53333333333333,2.57142857142857,2016,302,"April"
"444",2016-04-19,3,2.33333333333333,2.6,2.28571428571429,2.5,2.6,2.61904761904762,2016,305,"April"
"445",2016-04-20,2,2,2,2.85714285714286,2.6,2.66666666666667,2.61904761904762,2016,307,"April"
"446",2016-04-21,1,1.66666666666667,2.6,2.28571428571429,2.8,2.53333333333333,2.52380952380952,2016,308,"April"
"447",2016-04-22,2,2.66666666666667,2.2,2.57142857142857,2.7,2.73333333333333,2.47619047619048,2016,310,"April"
"448",2016-04-23,5,2.66666666666667,2.6,2.57142857142857,2.6,2.66666666666667,2.52380952380952,2016,315,"April"
"449",2016-04-25,1,3.33333333333333,3,2.85714285714286,2.7,2.66666666666667,2.52380952380952,2016,316,"April"
"450",2016-04-26,4,2.66666666666667,3.4,2.85714285714286,2.7,2.4,2.61904761904762,2016,320,"April"
"451",2016-04-27,3,3.66666666666667,2.6,3.14285714285714,2.7,2.53333333333333,2.52380952380952,2016,323,"April"
"452",2016-04-28,4,2.66666666666667,3.2,2.71428571428571,2.6,2.53333333333333,2.76190476190476,2016,327,"April"
"453",2016-04-29,1,3,2.8,2.71428571428571,2.5,2.6,2.57142857142857,2016,328,"April"
"454",2016-04-30,4,2.33333333333333,2.4,2.28571428571429,2.7,2.6,2.61904761904762,2016,332,"April"
"455",2016-05-01,2,2.33333333333333,1.8,2.42857142857143,2.6,2.86666666666667,2.52380952380952,2016,334,"May"
"456",2016-05-02,1,1.33333333333333,2.4,2.28571428571429,2.4,2.6,2.61904761904762,2016,335,"May"
"457",2016-05-03,1,2,2.2,2.57142857142857,2.6,2.73333333333333,2.61904761904762,2016,336,"May"
"458",2016-05-04,4,2.66666666666667,2.4,2.14285714285714,2.6,2.53333333333333,2.57142857142857,2016,340,"May"
"459",2016-05-05,3,3.33333333333333,2.4,2.71428571428571,2.5,2.6,2.38095238095238,2016,343,"May"
"460",2016-05-07,3,2.33333333333333,3.4,2.71428571428571,2.4,2.4,2.47619047619048,2016,346,"May"
"461",2016-05-08,1,3.33333333333333,2.8,3,2.7,2.4,2.52380952380952,2016,347,"May"
"462",2016-05-09,6,2.66666666666667,2.8,2.57142857142857,2.7,2.2,2.42857142857143,2016,353,"May"
"463",2016-05-10,1,3.33333333333333,2.4,2.71428571428571,2.4,2.26666666666667,2.38095238095238,2016,354,"May"
"464",2016-05-11,3,1.66666666666667,3,2.42857142857143,2.2,2.53333333333333,2.52380952380952,2016,357,"May"
"465",2016-05-13,1,2.66666666666667,2,2.42857142857143,2.2,2.53333333333333,2.38095238095238,2016,358,"May"
"466",2016-05-14,4,2,2,1.71428571428571,2.6,2.46666666666667,2.42857142857143,2016,362,"May"
"467",2016-05-15,1,2,1.6,2,2.1,2.53333333333333,2.47619047619048,2016,363,"May"
"468",2016-05-16,1,1,2,2.28571428571429,2.3,2.4,2.71428571428571,2016,364,"May"
"469",2016-05-17,1,1.66666666666667,2.2,2.28571428571429,2.4,2.53333333333333,2.57142857142857,2016,365,"May"
"470",2016-05-18,3,3,2.2,2.14285714285714,2.4,2.26666666666667,2.52380952380952,2016,368,"May"
"471",2016-05-19,5,3,2.6,2.57142857142857,2.3,2.6,2.57142857142857,2016,373,"May"
"472",2016-05-20,1,3,3.2,2.57142857142857,2.4,2.46666666666667,2.61904761904762,2016,374,"May"
"473",2016-05-21,3,2.66666666666667,2.8,2.85714285714286,2.9,2.53333333333333,2.38095238095238,2016,377,"May"
"474",2016-05-22,4,2.66666666666667,2.4,2.71428571428571,2.9,2.53333333333333,2.42857142857143,2016,381,"May"
"475",2016-05-23,1,2.66666666666667,2.6,2.85714285714286,2.8,2.6,2.38095238095238,2016,382,"May"
"476",2016-05-24,3,2,3.2,2.85714285714286,2.7,2.6,2.42857142857143,2016,385,"May"
"477",2016-05-25,2,3.66666666666667,2.6,2.71428571428571,2.8,2.66666666666667,2.38095238095238,2016,387,"May"
"478",2016-05-26,6,3,2.8,2.71428571428571,2.6,2.6,2.38095238095238,2016,393,"May"
"479",2016-05-27,1,3,3,2.85714285714286,2.4,2.4,2.42857142857143,2016,394,"May"
"480",2016-05-28,2,2.33333333333333,3,2.57142857142857,2.5,2.53333333333333,2.57142857142857,2016,396,"May"
"481",2016-05-29,4,2.66666666666667,2,2.57142857142857,2.4,2.4,2.47619047619048,2016,400,"May"
"482",2016-05-30,2,2.33333333333333,2.2,2,2.5,2.26666666666667,2.42857142857143,2016,402,"May"
"483",2016-05-31,1,1.66666666666667,2.2,2.14285714285714,2,2.46666666666667,2.57142857142857,2016,403,"May"
"484",2016-06-01,2,1.66666666666667,1.8,2.28571428571429,2.1,2.33333333333333,2.52380952380952,2016,405,"June"
"485",2016-06-02,2,2,2,1.85714285714286,2.3,2.46666666666667,2.47619047619048,2016,407,"June"
"486",2016-06-03,2,2.33333333333333,2,1.85714285714286,2,2.33333333333333,2.61904761904762,2016,409,"June"
"487",2016-06-04,3,2,2,2.28571428571429,2.2,2.4,2.66666666666667,2016,412,"June"
"488",2016-06-05,1,2,2.4,2.14285714285714,2.5,2.46666666666667,2.66666666666667,2016,413,"June"
"489",2016-06-06,2,2.33333333333333,2.2,2.42857142857143,2.5,2.46666666666667,2.57142857142857,2016,415,"June"
"490",2016-06-07,4,2.33333333333333,2.4,2.71428571428571,2.6,2.6,2.66666666666667,2016,419,"June"
"491",2016-06-08,1,3,3,2.57142857142857,2.8,2.66666666666667,2.66666666666667,2016,420,"June"
"492",2016-06-09,4,3,3,2.85714285714286,2.9,2.8,2.57142857142857,2016,424,"June"
"493",2016-06-10,4,3.33333333333333,2.8,3.14285714285714,3,2.86666666666667,2.61904761904762,2016,428,"June"
"494",2016-06-11,2,3,3.4,3.14285714285714,3.2,2.86666666666667,2.85714285714286,2016,430,"June"
"495",2016-06-12,3,3,3.4,3.28571428571429,3.1,2.8,2.85714285714286,2016,433,"June"
"496",2016-06-13,4,3.66666666666667,3,3.28571428571429,3.2,2.93333333333333,3,2016,437,"June"
"497",2016-06-14,4,3.33333333333333,3.4,3.14285714285714,3,3.2,3.04761904761905,2016,441,"June"
"498",2016-06-15,2,3.33333333333333,3.4,3.14285714285714,2.9,3.06666666666667,3.0952380952381,2016,443,"June"
"499",2016-06-16,4,3,3,3,3.3,3.33333333333333,3.28571428571429,2016,447,"June"
"500",2016-06-18,3,3,2.6,2.85714285714286,3.2,3.26666666666667,3.28571428571429,2016,450,"June"
"501",2016-06-19,2,2.33333333333333,2.8,3.14285714285714,3.3,3.26666666666667,3.23809523809524,2016,452,"June"
"502",2016-06-20,2,2.33333333333333,3.2,3.14285714285714,3.2,3.46666666666667,3.33333333333333,2016,454,"June"
"503",2016-06-21,3,3.66666666666667,3,3.28571428571429,3.4,3.4,3.28571428571429,2016,457,"June"
"504",2016-06-22,6,3.66666666666667,3.6,3.28571428571429,3.5,3.33333333333333,3.19047619047619,2016,463,"June"
"505",2016-06-23,2,4.33333333333333,3.8,3.57142857142857,3.4,3.26666666666667,3.23809523809524,2016,465,"June"
"506",2016-06-24,5,3.33333333333333,4,4,3.5,3.33333333333333,3.23809523809524,2016,470,"June"
"507",2016-06-25,3,4,3.8,3.85714285714286,3.6,3.2,3.23809523809524,2016,473,"June"
"508",2016-06-26,4,4,3.8,3.42857142857143,3.6,3.2,3.14285714285714,2016,477,"June"
"509",2016-06-27,5,3.66666666666667,3.4,3.57142857142857,3.2,3.26666666666667,3.19047619047619,2016,482,"June"
"510",2016-06-28,2,3.33333333333333,3.4,3.28571428571429,3.3,3.4,3.04761904761905,2016,484,"June"
"511",2016-06-29,3,2.66666666666667,3.2,3.14285714285714,3.1,3.33333333333333,2.95238095238095,2016,487,"June"
"512",2016-06-30,3,3,2.6,3,3.2,3.13333333333333,2.9047619047619,2016,490,"June"
"513",2016-07-01,3,2.66666666666667,2.8,2.71428571428571,3,3.06666666666667,3.04761904761905,2016,493,"July"
"514",2016-07-02,2,2.66666666666667,2.8,3,2.8,2.8,2.95238095238095,2016,495,"July"
"515",2016-07-03,3,2.66666666666667,3,2.85714285714286,2.7,2.66666666666667,2.76190476190476,2016,498,"July"
"516",2016-07-04,3,3.33333333333333,2.8,2.85714285714286,2.5,2.73333333333333,2.71428571428571,2016,501,"July"
"517",2016-07-05,4,3,3,2.57142857142857,2.3,2.46666666666667,2.52380952380952,2016,505,"July"
"518",2016-07-06,2,3,2.6,2.42857142857143,2.5,2.46666666666667,2.52380952380952,2016,507,"July"
"519",2016-07-07,3,2,2.2,2.14285714285714,2.4,2.33333333333333,2.52380952380952,2016,510,"July"
"520",2016-07-08,1,1.66666666666667,1.6,2.42857142857143,2.3,2.2,2.33333333333333,2016,511,"July"
"521",2016-07-09,1,1,2.2,2,2.1,2.2,2.28571428571429,2016,512,"July"
"522",2016-07-10,1,2.33333333333333,1.8,2,1.8,2.33333333333333,2.23809523809524,2016,513,"July"
"523",2016-07-11,5,2.33333333333333,2,1.71428571428571,1.9,2.2,2.14285714285714,2016,518,"July"
"524",2016-07-12,1,2.66666666666667,2,1.71428571428571,2,2.06666666666667,2.14285714285714,2016,519,"July"
"525",2016-07-13,2,1.33333333333333,2,2,2,1.93333333333333,2.14285714285714,2016,521,"July"
"526",2016-07-14,1,1.33333333333333,1.6,2.42857142857143,2,1.86666666666667,2.0952380952381,2016,522,"July"
"527",2016-07-15,1,1.66666666666667,2.2,1.85714285714286,2.1,1.86666666666667,2.04761904761905,2016,523,"July"
"528",2016-07-16,3,2.66666666666667,2,1.85714285714286,1.7,1.93333333333333,2.14285714285714,2016,526,"July"
"529",2016-07-17,4,2.66666666666667,2,1.85714285714286,1.9,2,2.33333333333333,2016,530,"July"
"530",2016-07-18,1,2,2.2,1.85714285714286,1.9,2.06666666666667,2.28571428571429,2016,531,"July"
"531",2016-07-20,1,1.33333333333333,1.8,2.14285714285714,2,2.13333333333333,2.38095238095238,2016,532,"July"
"532",2016-07-21,2,1.33333333333333,1.6,2,2.1,2.46666666666667,2.52380952380952,2016,534,"July"
"533",2016-07-22,1,2,1.8,1.71428571428571,2.4,2.46666666666667,2.71428571428571,2016,535,"July"
"534",2016-07-23,3,2,2,1.85714285714286,2.6,2.6,2.61904761904762,2016,538,"July"
"535",2016-07-24,2,2.33333333333333,2,2.57142857142857,2.7,2.8,2.76190476190476,2016,540,"July"
"536",2016-07-25,2,2,3,3.14285714285714,2.9,2.93333333333333,2.76190476190476,2016,542,"July"
"537",2016-07-26,2,3.33333333333333,3.6,3.28571428571429,3.1,2.86666666666667,2.95238095238095,2016,544,"July"
"538",2016-07-27,6,4.66666666666667,3.6,3.28571428571429,3.5,3.06666666666667,3.04761904761905,2016,550,"July"
"539",2016-07-28,6,4.66666666666667,3.8,3.57142857142857,3.5,3.13333333333333,3.04761904761905,2016,556,"July"
"540",2016-07-29,2,3.66666666666667,4.2,4,3.7,3.33333333333333,2.95238095238095,2016,558,"July"
"541",2016-07-31,3,3,4,4.14285714285714,3.7,3.46666666666667,3.0952380952381,2016,561,"July"
"542",2016-08-01,4,4,3.4,3.85714285714286,4,3.46666666666667,3.14285714285714,2016,565,"August"
"543",2016-08-02,5,4,3.8,3.28571428571429,3.7,3.46666666666667,3.38095238095238,2016,570,"August"
"544",2016-08-03,3,4,3.6,3.71428571428571,3.4,3.6,3.38095238095238,2016,573,"August"
"545",2016-08-05,4,3,3.8,3.71428571428571,3.4,3.6,3.57142857142857,2016,577,"August"
"546",2016-08-07,2,3.66666666666667,3.4,3.57142857142857,3.5,3.66666666666667,3.71428571428571,2016,579,"August"
"547",2016-08-08,5,3.33333333333333,3.4,3.14285714285714,3.3,3.33333333333333,3.66666666666667,2016,584,"August"
"548",2016-08-09,3,3.66666666666667,3,3.28571428571429,3.5,3.66666666666667,3.61904761904762,2016,587,"August"
"549",2016-08-11,3,2.66666666666667,3.4,3,3.3,3.8,3.38095238095238,2016,590,"August"
"550",2016-08-12,2,3,2.8,3.71428571428571,3.6,3.6,3.14285714285714,2016,592,"August"
"551",2016-08-13,4,2.66666666666667,3.6,3.14285714285714,3.9,3.33333333333333,3.19047619047619,2016,596,"August"
"552",2016-08-15,2,4.33333333333333,3.2,3.71428571428571,3.5,3.2,3.19047619047619,2016,598,"August"
"553",2016-08-16,7,3.33333333333333,4.2,4,3.3,3,3.04761904761905,2016,605,"August"
"554",2016-08-17,1,5,4.4,3.85714285714286,3.1,3.06666666666667,2.95238095238095,2016,606,"August"
"555",2016-08-18,7,4.33333333333333,4.2,3.42857142857143,3,2.93333333333333,2.85714285714286,2016,613,"August"
"556",2016-08-19,5,4.33333333333333,3,3.28571428571429,2.9,2.8,2.85714285714286,2016,618,"August"
"557",2016-08-20,1,2.33333333333333,3,2.42857142857143,3,2.8,2.95238095238095,2016,619,"August"
"558",2016-08-21,1,1,1.8,2.71428571428571,2.4,2.73333333333333,2.80952380952381,2016,620,"August"
"559",2016-08-22,1,1,1.4,2.14285714285714,2.6,2.73333333333333,2.80952380952381,2016,621,"August"
"560",2016-08-23,1,1.66666666666667,1.8,1.57142857142857,2,2.86666666666667,2.85714285714286,2016,622,"August"
"561",2016-08-24,3,2.33333333333333,1.8,1.85714285714286,1.9,2.53333333333333,2.9047619047619,2016,625,"August"
"562",2016-08-25,3,2.33333333333333,2.2,1.85714285714286,2.2,2.66666666666667,2.76190476190476,2016,628,"August"
"563",2016-08-26,1,2.33333333333333,2.2,2.28571428571429,2.3,2.46666666666667,2.76190476190476,2016,629,"August"
"564",2016-08-27,3,1.66666666666667,2.4,2.71428571428571,2.5,2.33333333333333,2.66666666666667,2016,632,"August"
"565",2016-08-28,1,2.66666666666667,2.6,2.57142857142857,2.8,2.33333333333333,2.76190476190476,2016,633,"August"
"566",2016-08-29,4,3,2.8,2.57142857142857,2.8,2.4,2.52380952380952,2016,637,"August"
"567",2016-08-30,4,3.33333333333333,2.8,3,2.6,2.66666666666667,2.42857142857143,2016,641,"August"
"568",2016-08-31,2,3,3.4,3,2.7,2.8,2.47619047619048,2016,643,"August"
"569",2016-09-01,3,3,3.2,3,2.9,2.73333333333333,2.47619047619048,2016,646,"September"
"570",2016-09-02,4,3.33333333333333,2.6,2.71428571428571,3.1,2.73333333333333,2.57142857142857,2016,650,"September"
"571",2016-09-03,3,2.66666666666667,2.6,2.85714285714286,2.9,2.8,2.57142857142857,2016,653,"September"
"572",2016-09-04,1,2,3,3,2.8,2.66666666666667,2.57142857142857,2016,654,"September"
"573",2016-09-05,2,2.66666666666667,2.8,2.85714285714286,2.8,2.8,2.61904761904762,2016,656,"September"
"574",2016-09-06,5,3.33333333333333,2.6,2.71428571428571,2.6,2.6,2.80952380952381,2016,661,"September"
"575",2016-09-07,3,3.33333333333333,3,2.57142857142857,2.5,2.53333333333333,2.71428571428571,2016,664,"September"
"576",2016-09-08,2,2.66666666666667,3,2.57142857142857,2.3,2.66666666666667,2.80952380952381,2016,666,"September"
"577",2016-09-09,3,2.33333333333333,2.2,2.71428571428571,2.5,2.8,2.85714285714286,2016,669,"September"
"578",2016-09-10,2,2,2.2,2.14285714285714,2.7,2.6,2.71428571428571,2016,671,"September"
"579",2016-09-11,1,2,2,2.14285714285714,2.7,2.6,2.76190476190476,2016,672,"September"
"580",2016-09-12,3,1.66666666666667,2,2.42857142857143,2.5,2.86666666666667,2.66666666666667,2016,675,"September"
"581",2016-09-14,1,2.33333333333333,2.4,2.71428571428571,2.6,2.8,2.66666666666667,2016,676,"September"
"582",2016-09-15,3,2.66666666666667,3.2,2.57142857142857,2.8,2.66666666666667,2.61904761904762,2016,679,"September"
"583",2016-09-16,4,4,2.8,2.85714285714286,2.7,2.53333333333333,2.66666666666667,2016,683,"September"
"584",2016-09-17,5,3.33333333333333,3.2,3.14285714285714,2.9,2.66666666666667,2.61904761904762,2016,688,"September"
"585",2016-09-18,1,3,3.6,3.14285714285714,2.7,2.6,2.66666666666667,2016,689,"September"
"586",2016-09-19,3,3,3,3.14285714285714,3,2.6,2.61904761904762,2016,692,"September"
"587",2016-09-20,5,3,2.6,2.71428571428571,2.9,2.6,2.61904761904762,2016,697,"September"
"588",2016-09-21,1,3,2.6,2.57142857142857,2.7,2.8,2.57142857142857,2016,698,"September"
"589",2016-09-23,3,1.66666666666667,2.8,2.71428571428571,2.3,2.86666666666667,2.61904761904762,2016,701,"September"
"590",2016-09-25,1,2.66666666666667,2.2,2.57142857142857,2.8,2.8,2.66666666666667,2016,702,"September"
"591",2016-09-26,4,2.33333333333333,2.4,2,2.7,2.66666666666667,2.71428571428571,2016,706,"September"
"592",2016-09-27,2,2.66666666666667,2,2.71428571428571,2.4,2.53333333333333,2.85714285714286,2016,708,"September"
"593",2016-09-28,2,1.66666666666667,3,2.57142857142857,2.5,2.6,2.80952380952381,2016,710,"September"
"594",2016-09-29,1,3,2.6,2.71428571428571,2.5,2.66666666666667,2.80952380952381,2016,711,"September"
"595",2016-09-30,6,3,2.6,2.42857142857143,2.6,2.6,2.66666666666667,2016,717,"September"
"596",2016-10-01,2,3.33333333333333,2.6,2.57142857142857,2.6,2.66666666666667,2.76190476190476,2016,719,"October"
"597",2016-10-02,2,2,3,2.57142857142857,2.8,2.73333333333333,2.76190476190476,2016,721,"October"
"598",2016-10-03,2,2.33333333333333,2.2,3,2.8,2.8,2.66666666666667,2016,723,"October"
"599",2016-10-04,3,2.33333333333333,2.6,2.71428571428571,3.1,2.73333333333333,2.66666666666667,2016,726,"October"
"600",2016-10-05,2,3,3,2.71428571428571,2.7,2.8,2.61904761904762,2016,728,"October"
"601",2016-10-07,4,3.33333333333333,3,3,2.8,2.86666666666667,2.71428571428571,2016,732,"October"
"602",2016-10-08,4,3.33333333333333,3.2,3,2.9,2.86666666666667,2.71428571428571,2016,736,"October"
"603",2016-10-09,2,3.33333333333333,3.2,3,3,2.6,2.76190476190476,2016,738,"October"
"604",2016-10-10,4,2.66666666666667,3,3.14285714285714,2.8,2.66666666666667,2.71428571428571,2016,742,"October"
"605",2016-10-11,2,3,2.8,3,2.8,2.8,2.76190476190476,2016,744,"October"
"606",2016-10-12,3,2.66666666666667,3,2.57142857142857,2.7,2.86666666666667,2.57142857142857,2016,747,"October"
"607",2016-10-13,3,3,2.4,2.57142857142857,2.7,2.73333333333333,2.61904761904762,2016,750,"October"
"608",2016-10-14,3,2.33333333333333,2.4,2.42857142857143,2.8,2.73333333333333,2.57142857142857,2016,753,"October"
"609",2016-10-15,1,2,2.4,2.71428571428571,2.5,2.6,2.66666666666667,2016,754,"October"
"610",2016-10-16,2,2,2.6,2.71428571428571,2.5,2.53333333333333,2.61904761904762,2016,756,"October"
"611",2016-10-17,3,3,2.6,2.42857142857143,2.4,2.46666666666667,2.66666666666667,2016,759,"October"
"612",2016-10-18,4,3.33333333333333,2.6,2.28571428571429,2.4,2.46666666666667,2.61904761904762,2016,763,"October"
"613",2016-10-19,3,2.66666666666667,2.6,2.42857142857143,2.2,2.46666666666667,2.61904761904762,2016,766,"October"
"614",2016-10-20,1,2,2.4,2.57142857142857,2.5,2.46666666666667,2.66666666666667,2016,767,"October"
"615",2016-10-21,2,1.66666666666667,2.2,2.28571428571429,2.5,2.46666666666667,2.52380952380952,2016,769,"October"
"616",2016-10-22,2,2.33333333333333,1.8,2.28571428571429,2.5,2.53333333333333,2.52380952380952,2016,771,"October"
"617",2016-10-23,3,2,2.4,2.14285714285714,2.4,2.66666666666667,2.52380952380952,2016,774,"October"
"618",2016-10-24,1,2.66666666666667,2.4,2.42857142857143,2.5,2.6,2.47619047619048,2016,775,"October"
"619",2016-10-25,4,2.33333333333333,2.6,2.57142857142857,2.7,2.53333333333333,2.57142857142857,2016,779,"October"
"620",2016-10-26,2,3,2.6,2.85714285714286,2.6,2.46666666666667,2.80952380952381,2016,781,"October"
"621",2016-10-27,3,2.66666666666667,3.2,2.85714285714286,2.6,2.4,2.76190476190476,2016,784,"October"
"622",2016-10-28,3,3.33333333333333,3,2.85714285714286,2.6,2.66666666666667,2.80952380952381,2016,787,"October"
"623",2016-10-30,4,3.33333333333333,2.8,2.57142857142857,2.7,2.93333333333333,2.66666666666667,2016,791,"October"
"624",2016-10-31,3,2.66666666666667,2.6,2.71428571428571,2.8,2.86666666666667,2.61904761904762,2016,794,"October"
"625",2016-11-01,1,2,2.6,2.57142857142857,3.2,2.93333333333333,2.66666666666667,2016,795,"November"
"626",2016-11-02,2,2,2.2,2.85714285714286,3,2.93333333333333,2.66666666666667,2016,797,"November"
"627",2016-11-03,3,2.33333333333333,2.6,3.14285714285714,3.1,2.8,2.71428571428571,2016,800,"November"
"628",2016-11-04,2,3.33333333333333,3.6,2.85714285714286,2.8,2.8,2.71428571428571,2016,802,"November"
"629",2016-11-05,5,4.33333333333333,3.4,3.28571428571429,2.7,2.73333333333333,2.76190476190476,2016,807,"November"
"630",2016-11-06,6,4,3.6,3.14285714285714,2.8,2.73333333333333,2.80952380952381,2016,813,"November"
"631",2016-11-07,1,3.66666666666667,3.4,3,2.8,2.66666666666667,2.9047619047619,2016,814,"November"
"632",2016-11-08,4,2,2.8,3,2.8,2.6,2.85714285714286,2016,818,"November"
"633",2016-11-09,1,2.33333333333333,2,2.57142857142857,2.9,2.86666666666667,2.80952380952381,2016,819,"November"
"634",2016-11-10,2,1.66666666666667,2.2,2.14285714285714,2.6,3,2.80952380952381,2016,821,"November"
"635",2016-11-11,2,2,2,2.42857142857143,2.5,2.93333333333333,2.76190476190476,2016,823,"November"
"636",2016-11-12,2,2.33333333333333,2.4,2.14285714285714,2.8,2.93333333333333,2.76190476190476,2016,825,"November"
"637",2016-11-13,3,2.66666666666667,2.4,2.71428571428571,2.6,2.86666666666667,2.80952380952381,2016,828,"November"
"638",2016-11-15,3,2.66666666666667,3,3,2.7,2.6,2.71428571428571,2016,831,"November"
"639",2016-11-16,2,3.33333333333333,3.4,3,2.9,2.6,2.80952380952381,2016,833,"November"
"640",2016-11-18,5,3.66666666666667,3.2,3,2.9,2.53333333333333,2.71428571428571,2016,838,"November"
"641",2016-11-19,4,3.66666666666667,3,3.14285714285714,2.8,2.53333333333333,2.61904761904762,2016,842,"November"
"642",2016-11-20,2,2.66666666666667,3.4,3,2.8,2.66666666666667,2.61904761904762,2016,844,"November"
"643",2016-11-21,2,2.66666666666667,2.8,2.85714285714286,2.6,2.73333333333333,2.52380952380952,2016,846,"November"
"644",2016-11-22,4,2.66666666666667,2.2,2.57142857142857,2.8,2.86666666666667,2.61904761904762,2016,850,"November"
"645",2016-11-23,2,2.33333333333333,2.4,2.14285714285714,2.6,2.73333333333333,2.57142857142857,2016,852,"November"
"646",2016-11-24,1,2,2.2,2.42857142857143,2.6,2.66666666666667,2.57142857142857,2016,853,"November"
"647",2016-11-25,3,1.66666666666667,2.2,2.57142857142857,2.5,2.73333333333333,2.66666666666667,2016,856,"November"
"648",2016-11-26,1,2.66666666666667,2.4,2.57142857142857,2.5,2.46666666666667,2.71428571428571,2016,857,"November"
"649",2016-11-27,4,2.66666666666667,3,2.42857142857143,2.4,2.33333333333333,2.66666666666667,2016,861,"November"
"650",2016-11-28,3,3.66666666666667,2.6,2.57142857142857,2.3,2.46666666666667,2.66666666666667,2016,864,"November"
"651",2016-11-29,4,2.66666666666667,2.8,2.57142857142857,2.4,2.6,2.66666666666667,2016,868,"November"
"652",2016-11-30,1,2.33333333333333,2.6,2.57142857142857,2.5,2.46666666666667,2.61904761904762,2016,869,"November"
"653",2016-12-01,2,2,2.2,2.28571428571429,2.8,2.46666666666667,2.61904761904762,2016,871,"December"
"654",2016-12-02,3,2,1.8,2.42857142857143,2.6,2.73333333333333,2.57142857142857,2016,874,"December"
"655",2016-12-03,1,2,2.4,2.42857142857143,2.5,2.73333333333333,2.42857142857143,2016,875,"December"
"656",2016-12-04,2,2.33333333333333,2.8,2.57142857142857,2.6,2.8,2.47619047619048,2016,877,"December"
"657",2016-12-06,4,3.33333333333333,2.6,2.57142857142857,2.8,2.6,2.57142857142857,2016,881,"December"
"658",2016-12-07,4,3.33333333333333,2.8,2.85714285714286,2.8,2.46666666666667,2.47619047619048,2016,885,"December"
"659",2016-12-09,2,2.66666666666667,3.4,3.14285714285714,2.6,2.4,2.52380952380952,2016,887,"December"
"660",2016-12-10,2,3,3.2,3.14285714285714,2.6,2.53333333333333,2.61904761904762,2016,889,"December"
"661",2016-12-11,5,3.33333333333333,2.8,2.71428571428571,2.7,2.46666666666667,2.52380952380952,2016,894,"December"
"662",2016-12-12,3,3.33333333333333,2.6,2.28571428571429,2.6,2.4,2.42857142857143,2016,897,"December"
"663",2016-12-13,2,2,2.4,2.42857142857143,2.3,2.73333333333333,2.47619047619048,2016,899,"December"
"664",2016-12-15,1,1.33333333333333,2,2.57142857142857,2.3,2.66666666666667,2.57142857142857,2016,900,"December"
"665",2016-12-16,1,1.66666666666667,2,2,2.7,2.53333333333333,2.61904761904762,2016,901,"December"
"666",2016-12-17,3,2.33333333333333,1.8,1.85714285714286,2.3,2.4,2.61904761904762,2016,904,"December"
"667",2016-12-18,3,2.33333333333333,2,2.42857142857143,2.2,2.53333333333333,2.57142857142857,2016,907,"December"
"668",2016-12-19,1,2,3,2.42857142857143,2.2,2.66666666666667,2.47619047619048,2016,908,"December"
"669",2016-12-20,2,3,2.6,2.57142857142857,2.5,2.4,2.42857142857143,2016,910,"December"
"670",2016-12-21,6,3,2.4,2.42857142857143,2.8,2.26666666666667,2.61904761904762,2016,916,"December"
"671",2016-12-22,1,3,2.6,2.57142857142857,2.6,2.26666666666667,2.61904761904762,2016,917,"December"
"672",2016-12-23,2,1.66666666666667,3,3,2.4,2.4,2.57142857142857,2016,919,"December"
"673",2016-12-24,2,2.66666666666667,2.6,2.85714285714286,2.5,2.73333333333333,2.52380952380952,2016,921,"December"
"674",2016-12-25,4,3.33333333333333,2.6,2.14285714285714,2.6,2.66666666666667,2.47619047619048,2016,925,"December"
"675",2016-12-27,4,3,2.4,2.28571428571429,2.6,2.73333333333333,2.71428571428571,2016,929,"December"
"676",2016-12-28,1,2,2.4,2.42857142857143,2.7,2.8,2.71428571428571,2016,930,"December"
"677",2016-12-29,1,1.33333333333333,2.2,3,2.9,2.73333333333333,2.66666666666667,2016,931,"December"
"678",2016-12-30,2,2,2.6,2.71428571428571,2.9,2.73333333333333,2.61904761904762,2016,933,"December"
"679",2016-12-31,3,3.66666666666667,2.8,2.71428571428571,2.6,2.73333333333333,2.71428571428571,2016,936,"December"
"680",2017-01-01,6,3.66666666666667,3.4,2.85714285714286,2.8,2.73333333333333,2.76190476190476,2017,6,"January"
"681",2017-01-03,2,4,3.4,2.85714285714286,2.8,2.73333333333333,2.52380952380952,2017,8,"January"
"682",2017-01-04,4,2.66666666666667,3,3.42857142857143,2.9,2.66666666666667,2.57142857142857,2017,12,"January"
"683",2017-01-05,2,2.33333333333333,3,3.14285714285714,2.9,2.6,2.66666666666667,2017,14,"January"
"684",2017-01-06,1,3,2.8,2.57142857142857,2.9,2.6,2.71428571428571,2017,15,"January"
"685",2017-01-07,6,2.66666666666667,2.4,2.57142857142857,2.6,2.66666666666667,2.61904761904762,2017,21,"January"
"686",2017-01-08,1,3,2.4,2.42857142857143,2.5,2.8,2.71428571428571,2017,22,"January"
"687",2017-01-09,2,1.66666666666667,2.8,2.57142857142857,2.3,2.8,2.80952380952381,2017,24,"January"
"688",2017-01-10,2,2.33333333333333,2.2,2.57142857142857,2.5,2.53333333333333,2.80952380952381,2017,26,"January"
"689",2017-01-11,3,2.66666666666667,2.2,2,2.7,2.8,2.80952380952381,2017,29,"January"
"690",2017-01-12,3,2.33333333333333,2.2,2.42857142857143,2.3,2.73333333333333,2.80952380952381,2017,32,"January"
"691",2017-01-13,1,2,2.6,2.57142857142857,2.8,2.66666666666667,2.76190476190476,2017,33,"January"
"692",2017-01-14,2,2.33333333333333,2.6,2.57142857142857,2.9,2.73333333333333,3.04761904761905,2017,35,"January"
"693",2017-01-15,4,3,2.4,3,2.8,2.53333333333333,3,2017,39,"January"
"694",2017-01-16,3,3,3.4,3,2.7,2.8,3.0952380952381,2017,42,"January"
"695",2017-01-17,2,3.66666666666667,3.6,3,2.7,3.2,3.0952380952381,2017,44,"January"
"696",2017-01-18,6,3.66666666666667,3,3,3.1,3.26666666666667,3,2017,50,"January"
"697",2017-01-19,3,3.33333333333333,2.8,2.85714285714286,3.7,3.33333333333333,3.04761904761905,2017,53,"January"
"698",2017-01-20,1,2,3,3.14285714285714,3.6,3.2,3.14285714285714,2017,54,"January"
"699",2017-01-21,2,2,2.8,4,3.7,3.4,3.14285714285714,2017,56,"January"
"700",2017-01-22,3,3.33333333333333,3.8,3.57142857142857,3.6,3.4,3.14285714285714,2017,59,"January"
"701",2017-01-23,5,5.33333333333333,4.2,3.71428571428571,3.4,3.4,3.33333333333333,2017,64,"January"
"702",2017-01-24,8,5.33333333333333,4.6,3.71428571428571,3.3,3.33333333333333,3.42857142857143,2017,72,"January"
"703",2017-01-25,3,5,4.2,4,3.6,3.4,3.47619047619048,2017,75,"January"
"704",2017-01-26,4,2.66666666666667,4,3.85714285714286,3.6,3.46666666666667,3.42857142857143,2017,79,"January"
"705",2017-01-27,1,3,2.8,3.71428571428571,3.6,3.46666666666667,3.52380952380952,2017,80,"January"
"706",2017-01-28,4,2.33333333333333,3,2.85714285714286,3.8,3.6,3.57142857142857,2017,84,"January"
"707",2017-01-29,2,3.33333333333333,2.6,2.85714285714286,3.3,3.66666666666667,3.42857142857143,2017,86,"January"
"708",2017-01-30,4,2.66666666666667,3,3.28571428571429,3.3,3.8,3.66666666666667,2017,90,"January"
"709",2017-02-01,2,3,3.6,3.57142857142857,3.2,3.66666666666667,3.80952380952381,2017,92,"February"
"710",2017-02-02,3,4,3.8,3.42857142857143,3.6,3.33333333333333,3.80952380952381,2017,95,"February"
"711",2017-02-03,7,4.33333333333333,3.6,3.57142857142857,3.5,3.66666666666667,3.80952380952381,2017,102,"February"
"712",2017-02-04,3,4.33333333333333,3.8,3.71428571428571,3.6,3.66666666666667,3.71428571428571,2017,105,"February"
"713",2017-02-05,3,3,4.2,3.85714285714286,4,3.73333333333333,3.47619047619048,2017,108,"February"
"714",2017-02-06,3,3.66666666666667,3.4,3.85714285714286,4.2,3.66666666666667,3.52380952380952,2017,111,"February"
"715",2017-02-07,5,3.66666666666667,3.4,4,4.1,3.73333333333333,3.52380952380952,2017,116,"February"
"716",2017-02-08,3,3.66666666666667,4.4,4.14285714285714,3.7,3.66666666666667,3.57142857142857,2017,119,"February"
"717",2017-02-09,3,4.66666666666667,4.6,4,3.7,3.8,3.57142857142857,2017,122,"February"
"718",2017-02-10,8,5,4,4,3.7,3.86666666666667,3.57142857142857,2017,130,"February"
"719",2017-02-11,4,4.66666666666667,4,3.71428571428571,3.8,3.53333333333333,3.61904761904762,2017,134,"February"
"720",2017-02-12,2,3,4,3.71428571428571,3.7,3.6,3.66666666666667,2017,136,"February"
"721",2017-02-13,3,2.66666666666667,3,3.85714285714286,3.6,3.53333333333333,3.76190476190476,2017,139,"February"
"722",2017-02-14,3,3,3,3.28571428571429,3.7,3.66666666666667,3.57142857142857,2017,142,"February"
"723",2017-02-15,3,3.33333333333333,3.4,3,3.1,3.53333333333333,3.52380952380952,2017,145,"February"
"724",2017-02-16,4,3.66666666666667,3.2,3.28571428571429,3.2,3.66666666666667,3.57142857142857,2017,149,"February"
"725",2017-02-17,4,3.33333333333333,3.4,3.14285714285714,3.3,3.66666666666667,3.52380952380952,2017,153,"February"
"726",2017-02-18,2,3.33333333333333,3.2,3.42857142857143,3.5,3.26666666666667,3.42857142857143,2017,155,"February"
"727",2017-02-19,4,2.66666666666667,3.4,3.42857142857143,3.5,3.26666666666667,3.33333333333333,2017,159,"February"
"728",2017-02-20,2,3.66666666666667,3.2,3.57142857142857,3.4,3.26666666666667,3.42857142857143,2017,161,"February"
"729",2017-02-21,5,3.33333333333333,3.8,3.42857142857143,3.4,3.26666666666667,3.14285714285714,2017,166,"February"
"730",2017-02-22,3,4.33333333333333,3.6,3.42857142857143,3.2,3.13333333333333,3.14285714285714,2017,169,"February"
"731",2017-02-23,5,3.66666666666667,3.6,3.42857142857143,3.3,3.26666666666667,3.14285714285714,2017,174,"February"
"732",2017-02-24,3,3.33333333333333,3.4,3.42857142857143,3,3.13333333333333,3.0952380952381,2017,177,"February"
"733",2017-02-25,2,3,3.2,3.14285714285714,3.3,3.13333333333333,3.04761904761905,2017,179,"February"
"734",2017-02-26,4,2.66666666666667,2.8,2.85714285714286,3,3.13333333333333,2.95238095238095,2017,183,"February"
"735",2017-02-27,2,3,2.4,2.85714285714286,3.1,3,2.85714285714286,2017,185,"February"
"736",2017-02-28,3,2,3,2.71428571428571,2.8,3,2.76190476190476,2017,188,"February"
"737",2017-03-01,1,3,2.6,3,2.7,2.73333333333333,2.80952380952381,2017,189,"March"
"738",2017-03-02,5,2.66666666666667,3,2.71428571428571,2.7,2.66666666666667,2.85714285714286,2017,194,"March"
"739",2017-03-03,2,3.66666666666667,2.8,2.71428571428571,2.4,2.46666666666667,2.85714285714286,2017,196,"March"
"740",2017-03-04,4,2.66666666666667,3,2.57142857142857,2.4,2.46666666666667,2.85714285714286,2017,200,"March"
"741",2017-03-07,2,2.66666666666667,2.4,2.57142857142857,2.3,2.66666666666667,2.85714285714286,2017,202,"March"
"742",2017-03-08,2,2,2.2,2.14285714285714,2.5,2.53333333333333,2.76190476190476,2017,204,"March"
"743",2017-03-09,2,1.66666666666667,1.8,2.14285714285714,2.5,2.73333333333333,2.80952380952381,2017,206,"March"
"744",2017-03-10,1,1.66666666666667,1.8,2,2.5,2.73333333333333,2.85714285714286,2017,207,"March"
"745",2017-03-11,2,1.66666666666667,2,2.42857142857143,2.6,2.86666666666667,2.80952380952381,2017,209,"March"
"746",2017-03-12,2,2.33333333333333,2.6,2.42857142857143,2.7,2.8,2.85714285714286,2017,211,"March"
"747",2017-03-13,3,3.33333333333333,2.8,2.85714285714286,2.8,2.86666666666667,2.76190476190476,2017,214,"March"
"748",2017-03-14,5,3.33333333333333,3.4,3.14285714285714,3,2.8,2.9047619047619,2017,219,"March"
"749",2017-03-15,2,4,3.6,3.28571428571429,3.2,2.86666666666667,2.80952380952381,2017,221,"March"
"750",2017-03-16,5,3.33333333333333,3.6,3.57142857142857,3.3,2.8,2.80952380952381,2017,226,"March"
"751",2017-03-17,3,3.66666666666667,3.4,3.57142857142857,3.4,2.93333333333333,2.9047619047619,2017,229,"March"
"752",2017-03-18,3,3.33333333333333,3.6,3.28571428571429,3.2,3.06666666666667,2.85714285714286,2017,232,"March"
"753",2017-03-19,4,3.33333333333333,3.2,3.42857142857143,3.1,3.06666666666667,2.85714285714286,2017,236,"March"
"754",2017-03-22,3,3.33333333333333,3.2,2.85714285714286,3.2,3.33333333333333,2.80952380952381,2017,239,"March"
"755",2017-03-23,3,3,2.8,3,2.9,3.2,2.9047619047619,2017,242,"March"
"756",2017-03-24,3,2.33333333333333,2.8,3,3.2,3,2.9047619047619,2017,245,"March"
"757",2017-03-25,1,2.66666666666667,2.8,2.71428571428571,3,2.93333333333333,3.04761904761905,2017,246,"March"
"758",2017-03-26,4,2.66666666666667,2.6,3.14285714285714,2.8,2.8,2.95238095238095,2017,250,"March"
"759",2017-03-27,3,3,3.2,2.85714285714286,2.6,2.73333333333333,2.76190476190476,2017,253,"March"
"760",2017-03-28,2,3.66666666666667,3.2,2.71428571428571,2.6,2.86666666666667,2.76190476190476,2017,255,"March"
"761",2017-03-29,6,3,2.8,2.71428571428571,2.5,2.66666666666667,2.61904761904762,2017,261,"March"
"762",2017-03-30,1,3,2.4,2.57142857142857,2.9,2.53333333333333,2.52380952380952,2017,262,"March"
"763",2017-04-01,2,1.33333333333333,2.6,2.42857142857143,2.6,2.46666666666667,2.52380952380952,2017,264,"April"
"764",2017-04-03,1,2,1.8,2.85714285714286,2.4,2.4,2.42857142857143,2017,265,"April"
"765",2017-04-04,3,2,2.6,2.14285714285714,2.4,2.4,2.47619047619048,2017,268,"April"
"766",2017-04-05,2,3.33333333333333,2.4,2.14285714285714,2,2.33333333333333,2.38095238095238,2017,270,"April"
"767",2017-04-06,5,2.66666666666667,2.4,2.14285714285714,2,2.26666666666667,2.28571428571429,2017,275,"April"
"768",2017-04-07,1,2.33333333333333,2.2,2.28571428571429,2.1,2.4,2.28571428571429,2017,276,"April"
"769",2017-04-08,1,1.33333333333333,2.2,2,2.2,2.06666666666667,2.14285714285714,2017,277,"April"
"770",2017-04-09,2,1.66666666666667,1.4,2.14285714285714,2.3,2.06666666666667,2.28571428571429,2017,279,"April"
"771",2017-04-10,2,1.66666666666667,1.8,1.71428571428571,2.2,2,2.23809523809524,2017,281,"April"
"772",2017-04-12,1,2,2,2.14285714285714,1.8,2,2.0952380952381,2017,282,"April"
"773",2017-04-13,3,2,2.4,2.14285714285714,1.8,2.2,2.0952380952381,2017,285,"April"
"774",2017-04-14,2,3,2.2,2,1.8,2.13333333333333,2.19047619047619,2017,287,"April"
"775",2017-04-15,4,2.33333333333333,2.2,1.85714285714286,2.2,2,2.33333333333333,2017,291,"April"
"776",2017-04-16,1,2,1.8,1.85714285714286,2.1,2,2.33333333333333,2017,292,"April"
"777",2017-04-17,1,1,1.6,2.28571428571429,2.3,2.2,2.33333333333333,2017,293,"April"
"778",2017-04-18,1,1,2,2.14285714285714,2.1,2.33333333333333,2.19047619047619,2017,294,"April"
"779",2017-04-19,1,2.66666666666667,2,2,2.3,2.4,2.33333333333333,2017,295,"April"
"780",2017-04-20,6,2.66666666666667,2.4,2,2.3,2.46666666666667,2.42857142857143,2017,301,"April"
"781",2017-04-21,1,3.33333333333333,2.4,2.42857142857143,2.5,2.4,2.38095238095238,2017,302,"April"
"782",2017-04-22,3,1.66666666666667,3,2.85714285714286,2.6,2.53333333333333,2.38095238095238,2017,305,"April"
"783",2017-04-23,1,2.66666666666667,2.6,3.14285714285714,2.7,2.46666666666667,2.52380952380952,2017,306,"April"
"784",2017-04-24,4,3,3,2.57142857142857,3,2.46666666666667,2.42857142857143,2017,310,"April"
"785",2017-04-25,4,3.66666666666667,2.8,2.71428571428571,2.7,2.53333333333333,2.38095238095238,2017,314,"April"
"786",2017-04-26,3,3,3,2.85714285714286,2.7,2.73333333333333,2.38095238095238,2017,317,"April"
"787",2017-04-27,2,2.33333333333333,3,3.14285714285714,2.6,2.73333333333333,2.42857142857143,2017,319,"April"
"788",2017-04-28,2,2.66666666666667,2.8,2.71428571428571,2.9,2.4,2.66666666666667,2017,321,"April"
"789",2017-04-29,4,3,2.4,2.42857142857143,2.6,2.6,2.76190476190476,2017,325,"April"
"790",2017-04-30,3,2.66666666666667,2.4,2.57142857142857,2.3,2.53333333333333,2.9047619047619,2017,328,"April"
"791",2017-05-01,1,2,2.8,2.42857142857143,2.4,2.86666666666667,2.71428571428571,2017,329,"May"
"792",2017-05-02,2,2.33333333333333,2.2,2.28571428571429,2.4,2.8,2.76190476190476,2017,331,"May"
"793",2017-05-03,4,2.33333333333333,1.8,2.28571428571429,2.8,2.8,2.85714285714286,2017,335,"May"
"794",2017-05-04,1,2,2.4,2.14285714285714,2.7,2.73333333333333,3,2017,336,"May"
"795",2017-05-06,1,2,2.4,2.85714285714286,2.8,2.73333333333333,2.85714285714286,2017,337,"May"
"796",2017-05-07,4,2.33333333333333,2.8,3,2.9,2.93333333333333,2.80952380952381,2017,341,"May"
"797",2017-05-08,2,4,3.2,3,2.9,2.93333333333333,2.85714285714286,2017,343,"May"
"798",2017-05-09,6,3.66666666666667,3.8,3.14285714285714,3,2.8,2.80952380952381,2017,349,"May"
"799",2017-05-10,3,4.33333333333333,3.4,3.28571428571429,3.3,2.93333333333333,2.9047619047619,2017,352,"May"
"800",2017-05-12,4,3,3.4,3.42857142857143,3.3,3.06666666666667,2.76190476190476,2017,356,"May"
"801",2017-05-13,2,2.66666666666667,3.2,3.71428571428571,3.2,2.86666666666667,2.66666666666667,2017,358,"May"
"802",2017-05-14,2,3,3.4,3,3.4,3.06666666666667,2.76190476190476,2017,360,"May"
"803",2017-05-15,5,3.66666666666667,2.8,3,2.9,3.06666666666667,2.76190476190476,2017,365,"May"
"804",2017-05-16,4,3.33333333333333,3,3,3,2.86666666666667,2.66666666666667,2017,369,"May"
"805",2017-05-17,1,2.66666666666667,3.4,2.85714285714286,2.7,2.93333333333333,2.76190476190476,2017,370,"May"
"806",2017-05-20,3,2.66666666666667,2.6,3.14285714285714,2.6,2.66666666666667,2.80952380952381,2017,373,"May"
"807",2017-05-21,4,2.66666666666667,2.6,2.57142857142857,2.7,2.6,2.66666666666667,2017,377,"May"
"808",2017-05-22,1,3,2.6,2.14285714285714,2.4,2.53333333333333,2.85714285714286,2017,378,"May"
"809",2017-05-23,4,2,2.2,2.42857142857143,2.2,2.53333333333333,2.61904761904762,2017,382,"May"
"810",2017-05-24,1,2,2,2.28571428571429,2.4,2.46666666666667,2.57142857142857,2017,383,"May"
"811",2017-05-25,1,1.66666666666667,2.2,2,2.3,2.53333333333333,2.57142857142857,2017,384,"May"
"812",2017-05-26,3,2,1.8,2.28571428571429,2,2.33333333333333,2.57142857142857,2017,387,"May"
"813",2017-05-27,2,2.33333333333333,2.2,2,2.5,2.4,2.66666666666667,2017,389,"May"
"814",2017-05-28,2,2.33333333333333,2.4,2,2.2,2.46666666666667,2.66666666666667,2017,391,"May"
"815",2017-05-29,3,2.33333333333333,2,2.71428571428571,2.3,2.33333333333333,2.61904761904762,2017,394,"May"
"816",2017-05-31,2,2,2.8,2.42857142857143,2.6,2.53333333333333,2.71428571428571,2017,396,"May"
"817",2017-06-01,1,3,2.6,2.42857142857143,2.5,2.6,2.61904761904762,2017,397,"June"
"818",2017-06-02,6,2.66666666666667,2.4,2.71428571428571,2.7,2.73333333333333,2.61904761904762,2017,403,"June"
"819",2017-06-03,1,3,2.8,2.57142857142857,3,2.86666666666667,2.76190476190476,2017,404,"June"
"820",2017-06-04,2,2.33333333333333,3,2.85714285714286,3,2.73333333333333,2.71428571428571,2017,406,"June"
"821",2017-06-05,4,2.66666666666667,2.6,3.42857142857143,3.1,2.86666666666667,2.71428571428571,2017,410,"June"
"822",2017-06-06,2,3.33333333333333,3.4,3,3.1,3,2.9047619047619,2017,412,"June"
"823",2017-06-07,4,3.66666666666667,3.6,3.28571428571429,2.9,3,2.85714285714286,2017,416,"June"
"824",2017-06-08,5,4,3.4,3.14285714285714,3.2,2.93333333333333,2.85714285714286,2017,421,"June"
"825",2017-06-09,3,3.66666666666667,3.2,3.14285714285714,3.3,3.2,2.85714285714286,2017,424,"June"
"826",2017-06-10,3,2.33333333333333,3.2,3.42857142857143,3,2.93333333333333,2.95238095238095,2017,427,"June"
"827",2017-06-11,1,2.66666666666667,3,3.28571428571429,3.3,3,2.95238095238095,2017,428,"June"
"828",2017-06-12,4,3,3,2.71428571428571,3.1,3,2.95238095238095,2017,432,"June"
"829",2017-06-13,4,3.66666666666667,2.6,3,2.8,3.06666666666667,2.76190476190476,2017,436,"June"
"830",2017-06-14,3,2.66666666666667,3.4,2.85714285714286,2.7,3.06666666666667,2.9047619047619,2017,439,"June"
"831",2017-06-15,1,3,3,3,2.9,2.86666666666667,3,2017,440,"June"
"832",2017-06-16,5,2.66666666666667,2.6,2.71428571428571,3,2.66666666666667,2.85714285714286,2017,445,"June"
"833",2017-06-17,2,3,2.4,2.85714285714286,2.7,2.73333333333333,2.80952380952381,2017,447,"June"
"834",2017-06-18,2,2,3.2,2.71428571428571,2.5,2.8,2.66666666666667,2017,449,"June"
"835",2017-06-19,2,3,2.6,2.71428571428571,2.6,2.8,2.61904761904762,2017,451,"June"
"836",2017-06-20,5,3,2.4,2.28571428571429,2.9,2.6,2.61904761904762,2017,456,"June"
"837",2017-06-21,2,2.66666666666667,2.4,2.57142857142857,2.5,2.4,2.61904761904762,2017,458,"June"
"838",2017-06-22,1,1.66666666666667,2.8,2.85714285714286,2.4,2.46666666666667,2.61904761904762,2017,459,"June"
"839",2017-06-23,2,2.33333333333333,2.6,2.71428571428571,2.3,2.6,2.61904761904762,2017,461,"June"
"840",2017-06-24,4,3.33333333333333,2.4,2.14285714285714,2.5,2.46666666666667,2.76190476190476,2017,465,"June"
"841",2017-06-25,4,3,2.4,2,2.3,2.4,2.9047619047619,2017,469,"June"
"842",2017-06-26,1,2,2.2,2.42857142857143,2.4,2.53333333333333,2.95238095238095,2017,470,"June"
"843",2017-06-27,1,1,2.2,2.57142857142857,2.4,2.86666666666667,2.85714285714286,2017,471,"June"
"844",2017-06-28,1,2,2,2.42857142857143,2.6,2.93333333333333,2.9047619047619,2017,472,"June"
"845",2017-06-29,4,2.66666666666667,2.4,2,2.9,2.93333333333333,3,2017,476,"June"
"846",2017-06-30,3,3.33333333333333,2.4,2.42857142857143,3.1,3.06666666666667,3,2017,479,"June"
"847",2017-07-01,3,2.33333333333333,3,3.28571428571429,3.2,3.13333333333333,3,2017,482,"July"
"848",2017-07-02,1,2.66666666666667,3.6,4,3.4,3.13333333333333,3.04761904761905,2017,483,"July"
"849",2017-07-03,4,4,4.2,3.71428571428571,3.6,3,3.14285714285714,2017,487,"July"
"850",2017-07-04,7,5.66666666666667,4,3.71428571428571,3.6,3.26666666666667,3.23809523809524,2017,494,"July"
"851",2017-07-05,6,5,4.4,3.71428571428571,3.5,3.4,3.23809523809524,2017,500,"July"
"852",2017-07-06,2,3.66666666666667,4.2,4.14285714285714,3.7,3.53333333333333,3.19047619047619,2017,502,"July"
"853",2017-07-07,3,2.66666666666667,3.6,3.85714285714286,3.9,3.53333333333333,3.28571428571429,2017,505,"July"
"854",2017-07-08,3,3.33333333333333,2.8,3.57142857142857,3.8,3.6,3.33333333333333,2017,508,"July"
"855",2017-07-09,4,3,3.4,3.14285714285714,3.5,3.6,3.42857142857143,2017,512,"July"
"856",2017-07-10,2,3.66666666666667,3.4,3.28571428571429,3.3,3.73333333333333,3.42857142857143,2017,514,"July"
"857",2017-07-11,5,3.33333333333333,3.4,3.42857142857143,3.4,3.6,3.33333333333333,2017,519,"July"
"858",2017-07-12,3,3.66666666666667,3.4,3.57142857142857,3.4,3.33333333333333,3.38095238095238,2017,522,"July"
"859",2017-07-13,3,3.33333333333333,3.8,3.42857142857143,3.3,3.2,3.52380952380952,2017,525,"July"
"860",2017-07-15,4,3.66666666666667,3.4,3.57142857142857,3.2,3.13333333333333,3.61904761904762,2017,529,"July"
"861",2017-07-17,4,3.66666666666667,3.4,3.14285714285714,3.4,3.2,3.42857142857143,2017,533,"July"
"862",2017-07-18,3,3.33333333333333,3.2,3.14285714285714,3,3.26666666666667,3.23809523809524,2017,536,"July"
"863",2017-07-19,3,2.66666666666667,3,3.28571428571429,3.1,3.4,3.33333333333333,2017,539,"July"
"864",2017-07-20,2,2.66666666666667,3,2.85714285714286,3.2,3.46666666666667,3.42857142857143,2017,541,"July"
"865",2017-07-21,3,3,2.6,2.85714285714286,3.4,3.26666666666667,3.47619047619048,2017,544,"July"
"866",2017-07-23,4,2.66666666666667,2.8,3,3.3,3.33333333333333,3.38095238095238,2017,548,"July"
"867",2017-07-24,1,3,3.2,3.42857142857143,3.2,3.46666666666667,3.57142857142857,2017,549,"July"
"868",2017-07-25,4,3,3.8,3.57142857142857,3.3,3.46666666666667,3.42857142857143,2017,553,"July"
"869",2017-07-26,4,4.66666666666667,3.6,3.42857142857143,3.6,3.33333333333333,3.38095238095238,2017,557,"July"
"870",2017-07-27,6,4.33333333333333,3.8,3.42857142857143,3.7,3.53333333333333,3.38095238095238,2017,563,"July"
"871",2017-07-28,3,3.66666666666667,3.8,4,3.5,3.46666666666667,3.28571428571429,2017,566,"July"
"872",2017-07-29,2,3,4,4,4,3.46666666666667,3.14285714285714,2017,568,"July"
"873",2017-07-31,4,3.66666666666667,3.6,3.71428571428571,3.8,3.46666666666667,3.0952380952381,2017,572,"July"
"874",2017-08-01,5,4.33333333333333,3.4,3.71428571428571,3.6,3.33333333333333,3,2017,577,"August"
"875",2017-08-02,4,3.66666666666667,4.2,3.57142857142857,3.3,3.33333333333333,2.95238095238095,2017,581,"August"
"876",2017-08-03,2,4,3.8,3.57142857142857,3.2,3.2,3.04761904761905,2017,583,"August"
"877",2017-08-04,6,3.33333333333333,3.2,3.42857142857143,3.1,3,2.95238095238095,2017,589,"August"
"878",2017-08-05,2,3.33333333333333,3,3,2.9,2.66666666666667,2.95238095238095,2017,591,"August"
"879",2017-08-06,2,2.33333333333333,3,2.57142857142857,2.5,2.8,2.85714285714286,2017,593,"August"
"880",2017-08-07,3,2.33333333333333,2,2.57142857142857,2.2,2.8,2.76190476190476,2017,596,"August"
"881",2017-08-08,2,2,2,1.85714285714286,2.5,2.6,2.61904761904762,2017,598,"August"
"882",2017-08-09,1,1.66666666666667,1.8,1.71428571428571,2.1,2.4,2.52380952380952,2017,599,"August"
"883",2017-08-10,2,1.33333333333333,1.4,2.14285714285714,2,2.26666666666667,2.52380952380952,2017,601,"August"
"884",2017-08-11,1,1.33333333333333,2,2,2,2.33333333333333,2.57142857142857,2017,602,"August"
"885",2017-08-12,1,2.33333333333333,2.2,1.85714285714286,1.9,2,2.57142857142857,2017,603,"August"
"886",2017-08-13,5,2.66666666666667,2,2,2,2,2.42857142857143,2017,608,"August"
"887",2017-08-14,2,2.66666666666667,2.2,2,2,2.2,2.47619047619048,2017,610,"August"
"888",2017-08-15,1,1.66666666666667,2.4,2.28571428571429,2,2.33333333333333,2.33333333333333,2017,611,"August"
"889",2017-08-16,2,1.66666666666667,2,2.28571428571429,2.4,2.26666666666667,2.28571428571429,2017,613,"August"
"890",2017-08-17,2,2.33333333333333,1.8,1.85714285714286,2.8,2.4,2.33333333333333,2017,615,"August"
"891",2017-08-18,3,2,2,2.28571428571429,2.4,2.46666666666667,2.28571428571429,2017,618,"August"
"892",2017-08-19,1,2,2.6,2.85714285714286,2.5,2.46666666666667,2.38095238095238,2017,619,"August"
"893",2017-08-20,2,2.66666666666667,3.2,2.71428571428571,2.7,2.6,2.42857142857143,2017,621,"August"
"894",2017-08-21,5,4,2.8,2.85714285714286,2.6,2.4,2.42857142857143,2017,626,"August"
"895",2017-08-22,5,3.66666666666667,3.2,2.85714285714286,2.7,2.53333333333333,2.52380952380952,2017,631,"August"
"896",2017-08-23,1,3,3.4,2.85714285714286,2.6,2.6,2.66666666666667,2017,632,"August"
"897",2017-08-24,3,2.33333333333333,2.6,3,2.9,2.6,2.52380952380952,2017,635,"August"
"898",2017-08-25,3,2.33333333333333,2.2,2.57142857142857,2.9,2.66666666666667,2.52380952380952,2017,638,"August"
"899",2017-08-26,1,2.33333333333333,2.4,2.42857142857143,2.6,2.73333333333333,2.61904761904762,2017,639,"August"
"900",2017-08-27,3,2,2.6,2.57142857142857,2.4,2.8,2.57142857142857,2017,642,"August"
"901",2017-08-28,2,3,2.4,2.42857142857143,2.7,2.8,2.57142857142857,2017,644,"August"
"902",2017-08-29,4,2.66666666666667,2.6,2.42857142857143,2.6,2.66666666666667,2.47619047619048,2017,648,"August"
"903",2017-08-30,2,2.66666666666667,2.6,2.85714285714286,2.5,2.4,2.66666666666667,2017,650,"August"
"904",2017-08-31,2,2.33333333333333,3,2.71428571428571,2.7,2.46666666666667,2.71428571428571,2017,652,"August"
"905",2017-09-01,3,3,2.6,2.71428571428571,2.5,2.33333333333333,2.52380952380952,2017,655,"September"
"906",2017-09-03,4,3,2.6,2.57142857142857,2.5,2.46666666666667,2.33333333333333,2017,659,"September"
"907",2017-09-04,2,2.66666666666667,2.8,2.42857142857143,2.2,2.6,2.42857142857143,2017,661,"September"
"908",2017-09-05,2,2.33333333333333,2.4,2.42857142857143,2.5,2.46666666666667,2.42857142857143,2017,663,"September"
"909",2017-09-06,3,2,2,2.14285714285714,2.6,2.4,2.33333333333333,2017,666,"September"
"910",2017-09-07,1,2,1.8,2.28571428571429,2.4,2.33333333333333,2.47619047619048,2017,667,"September"
"911",2017-09-08,2,1.33333333333333,2.4,2.42857142857143,2.1,2.4,2.47619047619048,2017,669,"September"
"912",2017-09-09,1,2.66666666666667,2.4,2.28571428571429,2.2,2.33333333333333,2.57142857142857,2017,670,"September"
"913",2017-09-10,5,3,2.4,2,2.3,2.4,2.61904761904762,2017,675,"September"
"914",2017-09-11,3,3,2.2,2.28571428571429,2.1,2.33333333333333,2.61904761904762,2017,678,"September"
"915",2017-09-13,1,1.66666666666667,2.6,2.42857142857143,2.4,2.46666666666667,2.61904761904762,2017,679,"September"
"916",2017-09-14,1,1.66666666666667,2.2,2.42857142857143,2.5,2.66666666666667,2.61904761904762,2017,680,"September"
"917",2017-09-15,3,2.33333333333333,1.8,2.28571428571429,2.8,2.6,2.57142857142857,2017,683,"September"
"918",2017-09-17,3,2.33333333333333,2.4,2.28571428571429,2.8,2.66666666666667,2.57142857142857,2017,686,"September"
"919",2017-09-18,1,2.66666666666667,2.8,2.71428571428571,2.7,2.73333333333333,2.57142857142857,2017,687,"September"
"920",2017-09-19,4,2.66666666666667,3,3.28571428571429,2.8,2.86666666666667,2.71428571428571,2017,691,"September"
"921",2017-09-20,3,3.66666666666667,3.4,3.14285714285714,3,2.66666666666667,2.76190476190476,2017,694,"September"
"922",2017-09-21,4,4,3.6,3,3,2.6,2.71428571428571,2017,698,"September"
"923",2017-09-22,5,3.66666666666667,3.2,3.28571428571429,2.9,2.93333333333333,2.85714285714286,2017,703,"September"
"924",2017-09-24,2,3,3.2,3.14285714285714,3,3,2.85714285714286,2017,705,"September"
"925",2017-09-25,2,2.33333333333333,3,3,3.2,2.86666666666667,2.95238095238095,2017,707,"September"
"926",2017-09-26,3,2.66666666666667,2.4,2.71428571428571,3.1,2.93333333333333,2.95238095238095,2017,710,"September"
"927",2017-09-27,3,2.66666666666667,2.4,2.85714285714286,2.8,3.2,3.14285714285714,2017,713,"September"
"928",2017-09-28,2,2.33333333333333,3.2,2.85714285714286,2.7,3.26666666666667,3.04761904761905,2017,715,"September"
"929",2017-09-30,2,3.33333333333333,3,2.71428571428571,3,3.13333333333333,3.04761904761905,2017,717,"September"
"930",2017-10-01,6,3.33333333333333,2.6,2.85714285714286,3.3,3.2,3.0952380952381,2017,723,"October"
"931",2017-10-02,2,3,3,3.14285714285714,3.1,2.93333333333333,3,2017,725,"October"
"932",2017-10-03,1,2.33333333333333,3.6,3.57142857142857,3.3,3,2.95238095238095,2017,726,"October"
"933",2017-10-04,4,3.33333333333333,3.4,3.42857142857143,3.2,3,3,2017,730,"October"
"934",2017-10-05,5,4.66666666666667,3.2,3.28571428571429,3.3,2.93333333333333,2.80952380952381,2017,735,"October"
"935",2017-10-06,5,3.66666666666667,4,3.14285714285714,2.9,2.86666666666667,2.76190476190476,2017,740,"October"
"936",2017-10-07,1,3.66666666666667,3.4,3.42857142857143,2.9,3.06666666666667,2.85714285714286,2017,741,"October"
"937",2017-10-08,5,2.33333333333333,3,3.14285714285714,3,3,2.85714285714286,2017,746,"October"
"938",2017-10-10,1,3,2.4,2.71428571428571,3.1,2.66666666666667,2.80952380952381,2017,747,"October"
"939",2017-10-11,3,2,2.6,2.28571428571429,2.7,2.8,2.9047619047619,2017,750,"October"
"940",2017-10-12,2,2.33333333333333,2,2.85714285714286,2.3,2.93333333333333,2.95238095238095,2017,752,"October"
"941",2017-10-13,2,2,2.8,2.28571428571429,2.6,2.8,2.76190476190476,2017,754,"October"
"942",2017-10-14,2,3,2.4,2.28571428571429,2.4,2.73333333333333,2.76190476190476,2017,756,"October"
"943",2017-10-16,5,2.66666666666667,2.2,2.42857142857143,2.5,2.6,2.85714285714286,2017,761,"October"
"944",2017-10-17,1,2.33333333333333,2.6,2.57142857142857,2.6,2.66666666666667,2.71428571428571,2017,762,"October"
"945",2017-10-18,1,2,2.8,2.57142857142857,2.7,2.46666666666667,2.61904761904762,2017,763,"October"
"946",2017-10-19,4,2.66666666666667,2.2,2.85714285714286,2.7,2.6,2.57142857142857,2017,767,"October"
"947",2017-10-20,3,3,2.8,2.57142857142857,2.7,2.46666666666667,2.57142857142857,2017,770,"October"
"948",2017-10-21,2,3,3.2,2.71428571428571,2.5,2.53333333333333,2.57142857142857,2017,772,"October"
"949",2017-10-22,4,3,2.8,2.85714285714286,2.5,2.66666666666667,2.61904761904762,2017,776,"October"
"950",2017-10-23,3,3,2.6,2.71428571428571,2.7,2.6,2.57142857142857,2017,779,"October"
"951",2017-10-24,2,2.33333333333333,2.8,2.42857142857143,2.7,2.6,2.66666666666667,2017,781,"October"
"952",2017-10-25,2,2.33333333333333,2.2,2.57142857142857,2.5,2.66666666666667,2.85714285714286,2017,783,"October"
"953",2017-10-26,3,2,2.2,2.57142857142857,2.8,2.73333333333333,2.9047619047619,2017,786,"October"
"954",2017-10-27,1,2.33333333333333,2.6,2.28571428571429,2.6,2.73333333333333,2.76190476190476,2017,787,"October"
"955",2017-10-28,3,2.66666666666667,2.4,2.71428571428571,2.5,2.93333333333333,2.80952380952381,2017,790,"October"
"956",2017-10-29,4,2.66666666666667,2.8,2.71428571428571,2.7,3,2.95238095238095,2017,794,"October"
"957",2017-10-30,1,3.33333333333333,3,2.57142857142857,3.1,2.86666666666667,3,2017,795,"October"
"958",2017-10-31,5,2.66666666666667,2.8,3,3.1,2.8,3.0952380952381,2017,800,"October"
"959",2017-11-01,2,3,2.8,3.42857142857143,3.2,2.93333333333333,3.14285714285714,2017,802,"November"
"960",2017-11-02,2,2.66666666666667,3.8,3.28571428571429,3.1,3.13333333333333,3,2017,804,"November"
"961",2017-11-03,4,4,3.4,3.42857142857143,3.1,3.26666666666667,2.95238095238095,2017,808,"November"
"962",2017-11-04,6,4.33333333333333,3.4,3,3.5,3.4,2.95238095238095,2017,814,"November"
"963",2017-11-05,3,3.66666666666667,3.4,3.28571428571429,3.5,3.26666666666667,3.04761904761905,2017,817,"November"
"964",2017-11-06,2,2.33333333333333,3.4,3.71428571428571,3.6,3.13333333333333,2.95238095238095,2017,819,"November"
"965",2017-11-07,2,2.66666666666667,3.2,3.85714285714286,3.5,3.2,3.14285714285714,2017,821,"November"
"966",2017-11-08,4,3.66666666666667,3.6,3.42857142857143,3.3,3.13333333333333,3.14285714285714,2017,825,"November"
"967",2017-11-09,5,4.66666666666667,3.8,3.14285714285714,2.9,3.06666666666667,3.0952380952381,2017,830,"November"
"968",2017-11-10,5,4.33333333333333,3.6,3.14285714285714,3,3.26666666666667,3.0952380952381,2017,835,"November"
"969",2017-11-11,3,3,3.2,3.14285714285714,2.9,3.2,3.0952380952381,2017,838,"November"
"970",2017-11-12,1,2,2.6,3.14285714285714,3.2,3,3.0952380952381,2017,839,"November"
"971",2017-11-13,2,1.66666666666667,2.4,2.57142857142857,3.1,2.86666666666667,3.04761904761905,2017,841,"November"
"972",2017-11-14,2,2.66666666666667,2,2.57142857142857,2.9,3.06666666666667,3,2017,843,"November"
"973",2017-11-15,4,2.33333333333333,2.8,2.57142857142857,2.5,3.06666666666667,2.80952380952381,2017,847,"November"
"974",2017-11-16,1,3.33333333333333,3,2.85714285714286,2.7,2.86666666666667,2.80952380952381,2017,848,"November"
"975",2017-11-17,5,3,3.2,2.71428571428571,2.8,2.73333333333333,2.76190476190476,2017,853,"November"
"976",2017-11-18,3,3.66666666666667,2.6,3.14285714285714,2.7,2.53333333333333,2.76190476190476,2017,856,"November"
"977",2017-11-19,3,2.33333333333333,3.4,2.85714285714286,2.8,2.53333333333333,2.66666666666667,2017,859,"November"
"978",2017-11-20,1,3,2.8,2.85714285714286,2.6,2.53333333333333,2.52380952380952,2017,860,"November"
"979",2017-11-23,5,2.66666666666667,2.4,2.57142857142857,2.8,2.53333333333333,2.33333333333333,2017,865,"November"
"980",2017-11-24,2,2.66666666666667,2.4,2.42857142857143,2.4,2.53333333333333,2.23809523809524,2017,867,"November"
"981",2017-11-25,1,2,2.6,2.42857142857143,2.3,2.4,2.28571428571429,2017,868,"November"
"982",2017-11-26,3,2,2.2,2.42857142857143,2.2,2.4,2.33333333333333,2017,871,"November"
"983",2017-11-27,2,2.66666666666667,2,2,2.3,2.13333333333333,2.42857142857143,2017,873,"November"
"984",2017-11-28,3,2,2.2,2,1.9,2.06666666666667,2.28571428571429,2017,876,"November"
"985",2017-11-29,1,2,2,2.14285714285714,1.8,2.06666666666667,2.33333333333333,2017,877,"November"
"986",2017-11-30,2,1.66666666666667,2,1.85714285714286,1.9,2.26666666666667,2.28571428571429,2017,879,"November"
"987",2017-12-01,2,2,1.6,1.71428571428571,1.9,2,2.19047619047619,2017,881,"December"
"988",2017-12-02,2,1.66666666666667,1.6,1.57142857142857,2.1,2,2.0952380952381,2017,883,"December"
"989",2017-12-03,1,1.33333333333333,1.6,1.85714285714286,1.9,2.2,2.0952380952381,2017,884,"December"
"990",2017-12-04,1,1.33333333333333,1.8,2.14285714285714,2,2.06666666666667,2,2017,885,"December"
"991",2017-12-05,2,2,2.2,2,2.2,2,2,2017,887,"December"
"992",2017-12-06,3,3,2.2,2,2.1,1.86666666666667,2,2017,890,"December"
"993",2017-12-07,4,2.66666666666667,2.4,2.42857142857143,2,2,1.95238095238095,2017,894,"December"
"994",2017-12-08,1,2.33333333333333,2.8,2.42857142857143,2,2,2,2017,895,"December"
"995",2017-12-09,2,2.33333333333333,2.4,2.28571428571429,2.2,1.93333333333333,2,2017,897,"December"
"996",2017-12-10,4,2.33333333333333,1.8,2,2.2,1.93333333333333,2.0952380952381,2017,901,"December"
"997",2017-12-11,1,2,1.8,1.85714285714286,2,2.06666666666667,2.0952380952381,2017,902,"December"
"998",2017-12-12,1,1,2,2,1.8,2.2,2.14285714285714,2017,903,"December"
"999",2017-12-14,1,1.66666666666667,1.6,1.85714285714286,2,2.26666666666667,2.14285714285714,2017,904,"December"
"1000",2017-12-15,3,2,1.6,1.57142857142857,2.1,2.2,2.47619047619048,2017,907,"December"
"1001",2017-12-17,2,2,1.8,1.85714285714286,2,2.13333333333333,2.57142857142857,2017,909,"December"
"1002",2017-12-18,1,1.66666666666667,2.2,2.14285714285714,2.1,2.2,2.61904761904762,2017,910,"December"
"1003",2017-12-19,2,2,2.2,2.42857142857143,2.3,2.6,2.52380952380952,2017,912,"December"
"1004",2017-12-20,3,2.66666666666667,2.4,2.28571428571429,2.4,2.53333333333333,2.47619047619048,2017,915,"December"
"1005",2017-12-21,3,3,2.6,2.42857142857143,2.9,2.66666666666667,2.52380952380952,2017,918,"December"
"1006",2017-12-22,3,2.66666666666667,2.8,2.57142857142857,3,2.66666666666667,2.57142857142857,2017,921,"December"
"1007",2017-12-23,2,2.66666666666667,2.6,3.42857142857143,3.2,2.8,2.52380952380952,2017,923,"December"
"1008",2017-12-24,3,2.33333333333333,3.6,3.42857142857143,3.1,2.73333333333333,2.52380952380952,2017,926,"December"
"1009",2017-12-25,2,4.33333333333333,3.6,3.42857142857143,3.1,2.8,2.57142857142857,2017,928,"December"
"1010",2017-12-26,8,4.33333333333333,3.8,3.14285714285714,3,2.93333333333333,2.66666666666667,2017,936,"December"
"1011",2017-12-27,3,4.66666666666667,3.4,3.28571428571429,3,2.86666666666667,2.95238095238095,2017,939,"December"
"1012",2017-12-28,3,2.33333333333333,3.6,3.14285714285714,3.1,2.8,3.0952380952381,2017,942,"December"
"1013",2017-12-29,1,2.33333333333333,2.4,3.28571428571429,2.9,2.8,3.23809523809524,2017,943,"December"
"1014",2017-12-30,3,2,2.4,2.57142857142857,2.9,3.2,3.19047619047619,2017,946,"December"
"1015",2017-12-31,2,2.66666666666667,2.4,2.28571428571429,2.4,3.4,3.0952380952381,2017,948,"December"
"1016",2018-01-01,3,2.66666666666667,2.4,2.14285714285714,3,3.46666666666667,3.0952380952381,2018,3,"January"
"1017",2018-01-02,3,2.33333333333333,2.2,2.42857142857143,3.2,3.4,3.28571428571429,2018,6,"January"
"1018",2018-01-03,1,2,2.4,3.28571428571429,3.5,2.93333333333333,3.23809523809524,2018,7,"January"
"1019",2018-01-04,2,2,3.6,3.71428571428571,3.3,2.93333333333333,3.14285714285714,2018,9,"January"
"1020",2018-01-05,3,4.66666666666667,4,3.85714285714286,3.2,3.2,3.0952380952381,2018,12,"January"
"1021",2018-01-06,9,5.66666666666667,4.6,3.57142857142857,3.2,3.2,2.9047619047619,2018,21,"January"
"1022",2018-01-07,5,6,4.4,3.57142857142857,3.6,3.06666666666667,3.04761904761905,2018,26,"January"
"1023",2018-01-08,4,3.33333333333333,4,3.71428571428571,3.6,3,2.95238095238095,2018,30,"January"
"1024",2018-01-09,1,2,2.8,4.28571428571429,3.5,3.06666666666667,2.95238095238095,2018,31,"January"
"1025",2018-01-10,1,1.66666666666667,3.2,3.14285714285714,3.3,3.26666666666667,3.04761904761905,2018,32,"January"
"1026",2018-01-11,3,3.66666666666667,2.6,2.57142857142857,2.8,3.26666666666667,3.04761904761905,2018,35,"January"
"1027",2018-01-12,7,3.66666666666667,2.6,2.14285714285714,2.9,3.2,3.23809523809524,2018,42,"January"
"1028",2018-01-13,1,3,2.6,2.57142857142857,2.6,3.33333333333333,3.28571428571429,2018,43,"January"
"1029",2018-01-14,1,1,2.8,3.28571428571429,2.6,2.86666666666667,3.33333333333333,2018,44,"January"
"1030",2018-01-15,1,2,2.6,3,3,3,3.42857142857143,2018,45,"January"
"1031",2018-01-16,4,3.66666666666667,2.6,2.14285714285714,2.9,3,3.42857142857143,2018,49,"January"
"1032",2018-01-17,6,3.66666666666667,2.6,2.71428571428571,2.9,3.06666666666667,3.14285714285714,2018,55,"January"
"1033",2018-01-18,1,2.66666666666667,3.4,2.85714285714286,3.2,3.26666666666667,3.0952380952381,2018,56,"January"
"1034",2018-01-19,1,2.33333333333333,3,3.71428571428571,3.3,3.26666666666667,3,2018,57,"January"
"1035",2018-01-20,5,2.66666666666667,3.2,3.71428571428571,3.6,3,3,2018,62,"January"
"1036",2018-01-21,2,4.66666666666667,3.8,3.14285714285714,3.5,3.2,3.04761904761905,2018,64,"January"
"1037",2018-01-22,7,4.33333333333333,4,3.57142857142857,3.2,3.26666666666667,3.33333333333333,2018,71,"January"
"1038",2018-01-23,4,4.33333333333333,3.8,3.85714285714286,3.5,3.26666666666667,3.04761904761905,2018,75,"January"
"1039",2018-01-24,2,3.33333333333333,4,3.57142857142857,3.6,3.13333333333333,3.0952380952381,2018,77,"January"
"1040",2018-01-25,4,3,3.2,3.85714285714286,3.2,3.33333333333333,3.0952380952381,2018,81,"January"
"1041",2018-01-26,3,3.33333333333333,3.2,3.14285714285714,3.2,3.33333333333333,3.14285714285714,2018,84,"January"
"1042",2018-01-27,3,3.33333333333333,3.2,2.71428571428571,3.4,3.4,3.14285714285714,2018,87,"January"
"1043",2018-01-28,4,3,2.6,2.71428571428571,3.1,3.13333333333333,2.9047619047619,2018,91,"January"
"1044",2018-01-29,2,2.33333333333333,2.4,3.42857142857143,3.1,3.13333333333333,2.95238095238095,2018,93,"January"
"1045",2018-01-30,1,1.66666666666667,3.6,3.14285714285714,2.8,2.93333333333333,3.04761904761905,2018,94,"January"
"1046",2018-01-31,2,4,3,3,2.7,2.73333333333333,3,2018,96,"January"
"1047",2018-02-01,9,4,3,2.57142857142857,2.8,2.73333333333333,3,2018,105,"February"
"1048",2018-02-02,1,4,3,2.57142857142857,2.5,2.66666666666667,2.71428571428571,2018,106,"February"
"1049",2018-02-03,2,1.33333333333333,3,3,2.5,2.73333333333333,2.66666666666667,2018,108,"February"
"1050",2018-02-04,1,1.66666666666667,2,2.85714285714286,2.7,2.66666666666667,2.76190476190476,2018,109,"February"
"1051",2018-02-05,2,2.33333333333333,2,1.85714285714286,2.9,2.46666666666667,2.71428571428571,2018,111,"February"
"1052",2018-02-06,4,2.33333333333333,2,2.14285714285714,2.2,2.53333333333333,2.66666666666667,2018,115,"February"
"1053",2018-02-07,1,2.33333333333333,2.4,2.42857142857143,2.2,2.73333333333333,2.71428571428571,2018,116,"February"
"1054",2018-02-08,2,2,2.8,2.57142857142857,2.3,2.8,2.57142857142857,2018,118,"February"
"1055",2018-02-09,3,3,2.4,2.42857142857143,2.6,2.33333333333333,2.61904761904762,2018,121,"February"
"1056",2018-02-10,4,3,2.4,2.28571428571429,2.7,2.53333333333333,2.80952380952381,2018,125,"February"
"1057",2018-02-11,2,2.33333333333333,2.6,2.71428571428571,2.5,2.46666666666667,2.80952380952381,2018,127,"February"
"1058",2018-02-12,1,2,2.8,2.85714285714286,2.8,2.6,2.47619047619048,2018,128,"February"
"1059",2018-02-13,3,2.66666666666667,2.6,2.71428571428571,2.7,2.8,2.47619047619048,2018,131,"February"
"1060",2018-02-14,4,3.33333333333333,2.6,2.71428571428571,2.7,2.66666666666667,2.47619047619048,2018,135,"February"
"1061",2018-02-15,3,3,3.2,2.57142857142857,2.8,2.73333333333333,2.66666666666667,2018,138,"February"
"1062",2018-02-16,2,3,2.8,2.85714285714286,2.8,2.66666666666667,2.71428571428571,2018,140,"February"
"1063",2018-02-17,4,2.33333333333333,2.6,3.14285714285714,2.9,2.6,2.61904761904762,2018,144,"February"
"1064",2018-02-18,1,2.66666666666667,3,2.85714285714286,2.7,2.66666666666667,2.66666666666667,2018,145,"February"
"1065",2018-02-19,3,3,3,2.71428571428571,2.5,2.73333333333333,2.80952380952381,2018,148,"February"
"1066",2018-02-21,5,3.33333333333333,2.6,2.57142857142857,2.7,2.8,2.80952380952381,2018,153,"February"
"1067",2018-02-22,2,3,2.6,2.28571428571429,2.8,2.73333333333333,2.9047619047619,2018,155,"February"
"1068",2018-02-23,2,1.66666666666667,2.4,2.85714285714286,2.6,2.8,3.0952380952381,2018,157,"February"
"1069",2018-02-24,1,1.66666666666667,2.4,2.85714285714286,2.7,2.8,3.19047619047619,2018,158,"February"
"1070",2018-02-25,2,2.66666666666667,2.6,2.42857142857143,2.9,3.06666666666667,3.19047619047619,2018,160,"February"
"1071",2018-02-26,5,3.33333333333333,2.6,2.42857142857143,2.7,3.2,3.14285714285714,2018,165,"February"
"1072",2018-02-27,3,3.33333333333333,2.8,2.85714285714286,3.1,3.33333333333333,3.0952380952381,2018,168,"February"
"1073",2018-02-28,2,2.33333333333333,3.4,3.14285714285714,3.5,3.33333333333333,3.14285714285714,2018,170,"February"
"1074",2018-03-01,2,3,3,3.71428571428571,3.7,3.2,3.28571428571429,2018,172,"March"
"1075",2018-03-02,5,3.33333333333333,3.6,3.85714285714286,3.8,3.2,3.28571428571429,2018,177,"March"
"1076",2018-03-03,3,4.66666666666667,4.4,3.85714285714286,3.6,3.26666666666667,3.23809523809524,2018,180,"March"
"1077",2018-03-05,6,5,4.6,4,3.5,3.66666666666667,3.04761904761905,2018,186,"March"
"1078",2018-03-06,6,5,4.2,4.14285714285714,3.6,3.6,3.19047619047619,2018,192,"March"
"1079",2018-03-07,3,4,4.2,3.71428571428571,4.1,3.4,3.14285714285714,2018,195,"March"
"1080",2018-03-08,3,3,3.4,3.71428571428571,3.7,3.26666666666667,3.19047619047619,2018,198,"March"
"1081",2018-03-09,3,2.66666666666667,2.8,3.85714285714286,3.6,3.46666666666667,3.28571428571429,2018,201,"March"
"1082",2018-03-10,2,2.66666666666667,3.6,3.14285714285714,3.1,3.4,3.23809523809524,2018,203,"March"
"1083",2018-03-11,3,4,3.2,3,3,3.2,3.33333333333333,2018,206,"March"
"1084",2018-03-12,7,3.66666666666667,3,2.71428571428571,2.8,3.26666666666667,3.33333333333333,2018,213,"March"
"1085",2018-03-13,1,3.33333333333333,2.8,3,2.7,3.13333333333333,3.57142857142857,2018,214,"March"
"1086",2018-03-14,2,1.33333333333333,3.2,2.85714285714286,2.8,3.06666666666667,3.47619047619048,2018,216,"March"
"1087",2018-03-15,1,2.66666666666667,2,2.71428571428571,3,3,3.38095238095238,2018,217,"March"
"1088",2018-03-16,5,2.33333333333333,2.2,2.28571428571429,3.2,3.26666666666667,3.14285714285714,2018,222,"March"
"1089",2018-03-17,1,2.66666666666667,2.6,2.71428571428571,2.7,3.26666666666667,3.0952380952381,2018,223,"March"
"1090",2018-03-18,2,2.33333333333333,3.2,3.14285714285714,3.3,3.2,3.23809523809524,2018,225,"March"
"1091",2018-03-19,4,3.33333333333333,3.2,3.28571428571429,3.4,3.06666666666667,3.28571428571429,2018,229,"March"
"1092",2018-03-20,4,4.33333333333333,3.4,3.57142857142857,3.4,2.93333333333333,3.23809523809524,2018,233,"March"
"1093",2018-03-21,5,3.66666666666667,4.4,3.85714285714286,3,3.26666666666667,3.23809523809524,2018,238,"March"
"1094",2018-03-22,2,4.66666666666667,4.2,3.71428571428571,3.4,3.4,3.52380952380952,2018,240,"March"
"1095",2018-03-23,7,4,3.6,3.28571428571429,3.8,3.46666666666667,3.23809523809524,2018,247,"March"
"1096",2018-03-24,3,3.66666666666667,2.8,3.42857142857143,3.8,3.26666666666667,3.47619047619048,2018,250,"March"
"1097",2018-03-25,1,1.66666666666667,3.4,3.57142857142857,3.6,3.8,3.71428571428571,2018,251,"March"
"1098",2018-03-26,1,2.33333333333333,3.2,3.85714285714286,3.3,3.73333333333333,3.85714285714286,2018,252,"March"
"1099",2018-03-27,5,4,3.4,3.14285714285714,4,3.86666666666667,3.71428571428571,2018,257,"March"
"1100",2018-03-28,6,5,3.6,3,3.4,4.06666666666667,3.85714285714286,2018,263,"March"
"1101",2018-03-29,4,4,3.8,4.14285714285714,3.7,4,3.95238095238095,2018,267,"March"
"1102",2018-03-30,2,2.66666666666667,4.6,4.14285714285714,4.3,4,3.95238095238095,2018,269,"March"
"1103",2018-03-31,2,4.33333333333333,3.6,4.28571428571429,4.6,3.8,4,2018,271,"March"
"1104",2018-04-01,9,4,4,4.42857142857143,4.3,3.86666666666667,3.9047619047619,2018,280,"April"
"1105",2018-04-03,1,5.33333333333333,5,4.42857142857143,4.1,4.06666666666667,3.9047619047619,2018,281,"April"
"1106",2018-04-04,6,4.66666666666667,5.4,4.42857142857143,4.1,4.33333333333333,3.80952380952381,2018,287,"April"
"1107",2018-04-05,7,5.66666666666667,4,4.71428571428571,4.3,4.2,3.71428571428571,2018,294,"April"
"1108",2018-04-06,4,4.33333333333333,4.6,4,4.6,3.93333333333333,3.85714285714286,2018,298,"April"
"1109",2018-04-07,2,3.33333333333333,4.2,4.42857142857143,4,4,4.04761904761905,2018,300,"April"
"1110",2018-04-08,4,3.33333333333333,3.6,4.28571428571429,4.1,3.93333333333333,3.95238095238095,2018,304,"April"
"1111",2018-04-09,4,4,3.8,3.71428571428571,4,4.06666666666667,3.76190476190476,2018,308,"April"
"1112",2018-04-10,4,4.33333333333333,4,3.42857142857143,3.4,3.8,3.66666666666667,2018,312,"April"
"1113",2018-04-11,5,4,3.6,3.85714285714286,3.4,3.93333333333333,3.66666666666667,2018,317,"April"
"1114",2018-04-12,3,3.33333333333333,3.8,3.42857142857143,3.7,3.66666666666667,3.80952380952381,2018,320,"April"
"1115",2018-04-13,2,3.33333333333333,3.2,3.42857142857143,3.6,3.33333333333333,3.52380952380952,2018,322,"April"
"1116",2018-04-14,5,2.66666666666667,3,3.57142857142857,3.4,3.2,3.66666666666667,2018,327,"April"
"1117",2018-04-15,1,3.33333333333333,3.4,3.28571428571429,3.2,3.4,3.57142857142857,2018,328,"April"
"1118",2018-04-17,4,3.33333333333333,3.6,3.14285714285714,2.9,3.33333333333333,3.33333333333333,2018,332,"April"
"1119",2018-04-18,5,4,3,3.14285714285714,3.1,3.33333333333333,3.19047619047619,2018,337,"April"
"1120",2018-04-20,3,3.33333333333333,3.2,2.71428571428571,3.2,3.33333333333333,3.33333333333333,2018,340,"April"
"1121",2018-04-21,2,2.33333333333333,2.8,3.28571428571429,3.1,3.13333333333333,3.23809523809524,2018,342,"April"
"1122",2018-04-22,2,2,2.8,3.14285714285714,3.4,3,3.14285714285714,2018,344,"April"
"1123",2018-04-24,2,3,2.8,3,3.2,3.2,3.14285714285714,2018,346,"April"
"1124",2018-04-25,5,3.33333333333333,3.2,3.14285714285714,2.8,3,3.0952380952381,2018,351,"April"
"1125",2018-04-26,3,4,3.6,3.14285714285714,3,3.06666666666667,3.23809523809524,2018,354,"April"
"1126",2018-04-28,4,3.66666666666667,3.6,3,3,3.06666666666667,3.33333333333333,2018,358,"April"
"1127",2018-04-29,4,3.33333333333333,2.8,3.42857142857143,3,3,3.14285714285714,2018,362,"April"
"1128",2018-04-30,2,2.33333333333333,3.2,3,3.2,3.2,3.19047619047619,2018,364,"April"
"1129",2018-05-01,1,2.66666666666667,2.8,2.85714285714286,3.1,3.33333333333333,3.28571428571429,2018,365,"May"
"1130",2018-05-02,5,2.66666666666667,2.4,2.85714285714286,3.4,3.26666666666667,3.0952380952381,2018,370,"May"
"1131",2018-05-03,2,3,2.8,2.85714285714286,3.4,3.26666666666667,3.14285714285714,2018,372,"May"
"1132",2018-05-04,2,2.66666666666667,3.4,3.42857142857143,3.1,3.33333333333333,3.33333333333333,2018,374,"May"
"1133",2018-05-05,4,3.33333333333333,3.6,3.85714285714286,3.1,3.2,3.28571428571429,2018,378,"May"
"1134",2018-05-06,4,4.66666666666667,4,3.28571428571429,3.6,3.2,3.23809523809524,2018,382,"May"
"1135",2018-05-07,6,4.66666666666667,3.8,3.28571428571429,3.2,3.33333333333333,3.04761904761905,2018,388,"May"
"1136",2018-05-08,4,3.66666666666667,3.4,3.85714285714286,3.4,3.26666666666667,3,2018,392,"May"
"1137",2018-05-09,1,2.33333333333333,3.8,3.42857142857143,3.8,3.26666666666667,2.95238095238095,2018,393,"May"
"1138",2018-05-10,2,3,2.8,3.42857142857143,3.5,3,2.80952380952381,2018,395,"May"
"1139",2018-05-11,6,3,2.8,3.42857142857143,3.2,3,2.80952380952381,2018,401,"May"
"1140",2018-05-12,1,3.66666666666667,3.8,3,2.7,3.06666666666667,2.80952380952381,2018,402,"May"
"1141",2018-05-13,4,3.66666666666667,3.6,3,2.5,2.86666666666667,2.71428571428571,2018,406,"May"
"1142",2018-05-14,6,3.66666666666667,2.6,2.85714285714286,2.7,2.73333333333333,2.71428571428571,2018,412,"May"
"1143",2018-05-15,1,2.66666666666667,2.6,2.28571428571429,2.6,2.4,2.76190476190476,2018,413,"May"
"1144",2018-05-16,1,1,2.2,2.57142857142857,2.2,2.33333333333333,2.61904761904762,2018,414,"May"
"1145",2018-05-17,1,1.33333333333333,1.6,2.14285714285714,2.2,2.4,2.52380952380952,2018,415,"May"
"1146",2018-05-18,2,2,1.6,1.57142857142857,2.1,2.46666666666667,2.28571428571429,2018,417,"May"
"1147",2018-05-19,3,2,1.8,1.57142857142857,1.7,2.13333333333333,2.23809523809524,2018,420,"May"
"1148",2018-05-20,1,2,1.8,1.85714285714286,1.9,2.2,2.28571428571429,2018,421,"May"
"1149",2018-05-21,2,1.33333333333333,2,2,1.9,2,2.28571428571429,2018,423,"May"
"1150",2018-05-22,1,2,1.8,2.14285714285714,2,1.8,2.0952380952381,2018,424,"May"
"1151",2018-05-23,3,2,2.2,1.85714285714286,1.9,1.86666666666667,2.0952380952381,2018,427,"May"
"1152",2018-05-24,2,2.66666666666667,2,2,1.9,1.93333333333333,2,2018,429,"May"
"1153",2018-05-25,3,2,2.2,1.85714285714286,2,2,1.76190476190476,2018,432,"May"
"1154",2018-05-26,1,2,1.8,2.14285714285714,2,1.93333333333333,1.80952380952381,2018,433,"May"
"1155",2018-05-27,2,1.33333333333333,2,2,2.1,1.86666666666667,1.95238095238095,2018,435,"May"
"1156",2018-05-28,1,2,1.8,2,1.9,1.86666666666667,2.0952380952381,2018,436,"May"
"1157",2018-05-29,3,2,2,1.85714285714286,1.9,1.86666666666667,2.0952380952381,2018,439,"May"
"1158",2018-05-30,2,2.33333333333333,2,1.85714285714286,1.7,2.06666666666667,2.04761904761905,2018,441,"May"
"1159",2018-05-31,2,2,2,1.85714285714286,1.8,2.13333333333333,2.04761904761905,2018,443,"May"
"1160",2018-06-01,2,1.66666666666667,1.8,1.85714285714286,2,2.13333333333333,2.04761904761905,2018,445,"June"
"1161",2018-06-02,1,1.66666666666667,1.6,1.71428571428571,2.3,2.06666666666667,2.23809523809524,2018,446,"June"
"1162",2018-06-03,2,1.33333333333333,1.6,2,2.2,2.06666666666667,2.19047619047619,2018,448,"June"
"1163",2018-06-04,1,1.66666666666667,2,2.28571428571429,2.2,2.06666666666667,2.33333333333333,2018,449,"June"
"1164",2018-06-05,2,2.33333333333333,2.6,2.28571428571429,2.1,2.33333333333333,2.23809523809524,2018,451,"June"
"1165",2018-06-06,4,3.33333333333333,2.6,2.42857142857143,2.1,2.26666666666667,2.42857142857143,2018,455,"June"
"1166",2018-06-07,4,3.33333333333333,2.8,2.28571428571429,2.5,2.46666666666667,2.42857142857143,2018,459,"June"
"1167",2018-06-08,2,2.66666666666667,2.6,2.42857142857143,2.5,2.4,2.57142857142857,2018,461,"June"
"1168",2018-06-09,2,1.66666666666667,2.2,2.85714285714286,2.9,2.6,2.57142857142857,2018,463,"June"
"1169",2018-06-10,1,1.66666666666667,2.4,2.57142857142857,2.8,2.66666666666667,2.66666666666667,2018,464,"June"
"1170",2018-06-11,2,2.66666666666667,2.4,2.71428571428571,2.9,2.8,2.85714285714286,2018,466,"June"
"1171",2018-06-12,5,3,3,2.57142857142857,2.7,2.93333333333333,2.95238095238095,2018,471,"June"
"1172",2018-06-13,2,4,3,3,2.9,3.06666666666667,2.95238095238095,2018,473,"June"
"1173",2018-06-14,5,2.66666666666667,3.6,3.14285714285714,3,3.2,3.28571428571429,2018,478,"June"
"1174",2018-06-15,1,3.66666666666667,3,3.42857142857143,3.3,3.2,3.38095238095238,2018,479,"June"
"1175",2018-06-16,5,2.66666666666667,3.4,3.14285714285714,3.7,3.13333333333333,3.47619047619048,2018,484,"June"
"1176",2018-06-17,2,3.66666666666667,3,3.42857142857143,3.6,3.6,3.42857142857143,2018,486,"June"
"1177",2018-06-19,4,3,3.6,3.57142857142857,3.5,3.73333333333333,3.47619047619048,2018,490,"June"
"1178",2018-06-20,3,3.66666666666667,3.8,4,3.9,3.86666666666667,3.47619047619048,2018,493,"June"
"1179",2018-06-22,4,4.33333333333333,4.2,3.42857142857143,4.1,3.73333333333333,3.52380952380952,2018,497,"June"
"1180",2018-06-23,6,4.66666666666667,3.6,4.42857142857143,4,3.93333333333333,3.57142857142857,2018,503,"June"
"1181",2018-06-25,4,3.66666666666667,4.8,4.28571428571429,4.1,3.73333333333333,3.61904761904762,2018,507,"June"
"1182",2018-06-27,1,4.66666666666667,4.6,4.42857142857143,4.2,3.86666666666667,3.52380952380952,2018,508,"June"
"1183",2018-06-29,9,4.33333333333333,4.2,4.28571428571429,4.1,3.66666666666667,3.52380952380952,2018,517,"June"
"1184",2018-07-01,3,5.33333333333333,4,4.14285714285714,4,3.73333333333333,3.38095238095238,2018,520,"July"
"1185",2018-07-03,4,3.33333333333333,4.8,3.85714285714286,3.6,3.66666666666667,3.47619047619048,2018,524,"July"
"1186",2018-07-04,3,4,3.4,4.14285714285714,3.5,3.6,3.42857142857143,2018,527,"July"
"1187",2018-07-05,5,3.33333333333333,3.4,3.14285714285714,3.7,3.46666666666667,3.42857142857143,2018,532,"July"
"1188",2018-07-06,2,3.33333333333333,3,3.14285714285714,3,3.26666666666667,3.33333333333333,2018,534,"July"
"1189",2018-07-07,3,2.33333333333333,3,3,2.9,3.26666666666667,3.42857142857143,2018,537,"July"
"1190",2018-07-08,2,2.66666666666667,2.6,2.85714285714286,2.8,3.33333333333333,3.47619047619048,2018,539,"July"
"1191",2018-07-10,3,2.66666666666667,2.6,2.42857142857143,2.9,2.86666666666667,3.38095238095238,2018,542,"July"
"1192",2018-07-11,3,2.66666666666667,2.4,2.57142857142857,2.6,3,3.33333333333333,2018,545,"July"
"1193",2018-07-13,2,2.33333333333333,2.6,2.71428571428571,2.6,3.06666666666667,3.42857142857143,2018,547,"July"
"1194",2018-07-14,2,2.33333333333333,2.8,2.71428571428571,2.8,3.13333333333333,3.14285714285714,2018,549,"July"
"1195",2018-07-15,3,3,2.6,2.57142857142857,3.1,3,3.33333333333333,2018,552,"July"
"1196",2018-07-17,4,3,2.6,2.85714285714286,3.2,3.06666666666667,3.23809523809524,2018,556,"July"
"1197",2018-07-18,2,2.66666666666667,3.2,3.28571428571429,3.2,3.06666666666667,3.33333333333333,2018,558,"July"
"1198",2018-07-19,2,3,3.6,3.57142857142857,3.3,3.4,3.19047619047619,2018,560,"July"
"1199",2018-07-20,5,4,3.6,3.57142857142857,3.4,3.33333333333333,3.28571428571429,2018,565,"July"
"1200",2018-07-21,5,4.66666666666667,3.8,3.42857142857143,3.8,3.46666666666667,3.23809523809524,2018,570,"July"
"1201",2018-07-22,4,4,4,3.57142857142857,3.6,3.46666666666667,3.33333333333333,2018,574,"July"
"1202",2018-07-23,3,3.33333333333333,3.6,4.28571428571429,3.9,3.6,3.33333333333333,2018,577,"July"
"1203",2018-07-24,3,3,4,3.85714285714286,3.9,3.53333333333333,3.38095238095238,2018,580,"July"
"1204",2018-07-25,3,4.33333333333333,3.6,3.85714285714286,3.8,3.53333333333333,3.42857142857143,2018,583,"July"
"1205",2018-07-26,7,4,4,3.57142857142857,3.5,3.6,3.52380952380952,2018,590,"July"
"1206",2018-07-27,2,4.66666666666667,3.8,3.71428571428571,3.5,3.73333333333333,3.57142857142857,2018,592,"July"
"1207",2018-07-28,5,3,4,3.57142857142857,3.5,3.6,3.57142857142857,2018,597,"July"
"1208",2018-07-31,2,3.66666666666667,3,3.71428571428571,3.6,3.53333333333333,3.52380952380952,2018,599,"July"
"1209",2018-08-01,4,2.66666666666667,3.4,3.14285714285714,3.6,3.53333333333333,3.47619047619048,2018,603,"August"
"1210",2018-08-02,2,3.33333333333333,3,3.42857142857143,3.3,3.6,3.38095238095238,2018,605,"August"
"1211",2018-08-03,4,3,3.4,3.14285714285714,3.5,3.46666666666667,3.33333333333333,2018,609,"August"
"1212",2018-08-04,3,3.66666666666667,3.2,3.42857142857143,3.4,3.33333333333333,3.23809523809524,2018,612,"August"
"1213",2018-08-05,4,3.33333333333333,3.6,3.42857142857143,3.3,3.06666666666667,3.14285714285714,2018,616,"August"
"1214",2018-08-06,3,3.66666666666667,3.6,3.71428571428571,3,3.2,3.14285714285714,2018,619,"August"
"1215",2018-08-07,4,3.66666666666667,3.8,3.28571428571429,3.1,3,3.14285714285714,2018,623,"August"
"1216",2018-08-08,4,4,3.2,3,3.1,2.93333333333333,2.9047619047619,2018,627,"August"
"1217",2018-08-09,4,3,2.8,2.85714285714286,3,2.86666666666667,2.9047619047619,2018,631,"August"
"1218",2018-08-10,1,2,2.6,3,2.7,2.93333333333333,2.80952380952381,2018,632,"August"
"1219",2018-08-11,1,1.66666666666667,2.6,2.71428571428571,2.7,2.8,2.85714285714286,2018,633,"August"
"1220",2018-08-12,3,2.66666666666667,2.2,2.28571428571429,2.6,2.73333333333333,2.71428571428571,2018,636,"August"
"1221",2018-08-13,4,3,2.2,2.14285714285714,2.4,2.66666666666667,2.76190476190476,2018,640,"August"
"1222",2018-08-16,2,2.33333333333333,2.6,2.42857142857143,2.2,2.66666666666667,2.66666666666667,2018,642,"August"
"1223",2018-08-17,1,2,2.6,2.57142857142857,2.4,2.46666666666667,2.61904761904762,2018,643,"August"
"1224",2018-08-18,3,2.33333333333333,2.2,2.42857142857143,2.6,2.4,2.52380952380952,2018,646,"August"
"1225",2018-08-19,3,2.66666666666667,2.2,2.28571428571429,2.4,2.26666666666667,2.52380952380952,2018,649,"August"
"1226",2018-08-20,2,2.33333333333333,2.6,2.42857142857143,2.3,2.33333333333333,2.38095238095238,2018,651,"August"
"1227",2018-08-23,2,2.33333333333333,2.6,2.42857142857143,2.3,2.4,2.28571428571429,2018,653,"August"
"1228",2018-08-24,3,2.66666666666667,2.2,2.42857142857143,2.4,2.4,2.14285714285714,2018,656,"August"
"1229",2018-08-25,3,2.33333333333333,2.4,2.28571428571429,2.3,2.2,2.23809523809524,2018,659,"August"
"1230",2018-08-26,1,2.33333333333333,2.4,2.28571428571429,2.3,2.2,2.23809523809524,2018,660,"August"
"1231",2018-08-27,3,2,2.2,2.28571428571429,2.2,2.2,2.14285714285714,2018,663,"August"
"1232",2018-08-28,2,2.33333333333333,2,2.28571428571429,2.2,2.2,2,2018,665,"August"
"1233",2018-08-29,2,2,2.4,2,2,2.06666666666667,2,2018,667,"August"
"1234",2018-08-30,2,2.33333333333333,2,2.14285714285714,2,2,2,2018,669,"August"
"1235",2018-08-31,3,2,2,1.85714285714286,2,1.93333333333333,1.9047619047619,2018,672,"August"
"1236",2018-09-01,1,2,1.8,2,1.8,1.86666666666667,1.85714285714286,2018,673,"September"
"1237",2018-09-03,2,1.33333333333333,2,1.85714285714286,1.7,1.73333333333333,1.80952380952381,2018,675,"September"
"1238",2018-09-04,1,2,1.6,1.71428571428571,1.7,1.73333333333333,1.85714285714286,2018,676,"September"
"1239",2018-09-05,3,1.66666666666667,1.6,1.42857142857143,1.6,1.66666666666667,1.80952380952381,2018,679,"September"
"1240",2018-09-06,1,1.66666666666667,1.4,1.57142857142857,1.4,1.6,1.85714285714286,2018,680,"September"
"1241",2018-09-07,1,1,1.6,1.42857142857143,1.5,1.66666666666667,1.95238095238095,2018,681,"September"
"1242",2018-09-08,1,1.33333333333333,1.2,1.42857142857143,1.4,1.66666666666667,1.9047619047619,2018,682,"September"
"1243",2018-09-09,2,1.33333333333333,1.2,1.28571428571429,1.6,1.73333333333333,1.9047619047619,2018,684,"September"
"1244",2018-09-10,1,1.33333333333333,1.4,1.28571428571429,1.5,1.86666666666667,1.95238095238095,2018,685,"September"
"1245",2018-09-11,1,1.33333333333333,1.4,1.57142857142857,1.8,1.86666666666667,1.9047619047619,2018,686,"September"
"1246",2018-09-12,2,1.33333333333333,1.6,1.71428571428571,2,1.93333333333333,1.85714285714286,2018,688,"September"
"1247",2018-09-13,1,2,1.8,2,2.1,1.93333333333333,2,2018,689,"September"
"1248",2018-09-14,3,2,2.4,2.28571428571429,2.1,1.93333333333333,2,2018,692,"September"
"1249",2018-09-15,2,3,2.6,2.42857142857143,2.3,2,2,2018,694,"September"
"1250",2018-09-16,4,3,2.8,2.42857142857143,2.3,2.2,2.0952380952381,2018,698,"September"
"1251",2018-09-17,3,3,2.6,2.71428571428571,2.3,2.2,2.0952380952381,2018,701,"September"
"1252",2018-09-18,2,2.33333333333333,2.8,2.42857142857143,2.6,2.2,2.19047619047619,2018,703,"September"
"1253",2018-09-19,2,2.33333333333333,2.2,2.42857142857143,2.5,2.46666666666667,2.23809523809524,2018,705,"September"
"1254",2018-09-20,3,2,2,2.42857142857143,2.4,2.4,2.28571428571429,2018,708,"September"
"1255",2018-09-22,1,2,2.4,2.28571428571429,2.5,2.53333333333333,2.33333333333333,2018,709,"September"
"1256",2018-09-23,2,2.33333333333333,2.4,2.14285714285714,2.3,2.46666666666667,2.33333333333333,2018,711,"September"
"1257",2018-09-24,4,2.66666666666667,2,2.57142857142857,2.4,2.53333333333333,2.33333333333333,2018,715,"September"
"1258",2018-09-25,2,2.33333333333333,2.8,2.28571428571429,2.4,2.4,2.42857142857143,2018,717,"September"
"1259",2018-09-26,1,2.66666666666667,2.6,2.57142857142857,2.4,2.26666666666667,2.42857142857143,2018,718,"September"
"1260",2018-09-27,5,2.33333333333333,2.4,2.57142857142857,2.5,2.26666666666667,2.52380952380952,2018,723,"September"
"1261",2018-09-28,1,3,2.4,2.42857142857143,2.4,2.33333333333333,2.66666666666667,2018,724,"September"
"1262",2018-09-29,3,2,2.8,2.42857142857143,2.2,2.33333333333333,2.61904761904762,2018,727,"September"
"1263",2018-09-30,2,2.66666666666667,2.2,2.42857142857143,2.3,2.53333333333333,2.76190476190476,2018,729,"September"
"1264",2018-10-01,3,2.33333333333333,2.2,2,2.5,2.86666666666667,2.85714285714286,2018,732,"October"
"1265",2018-10-02,2,2,2,2.28571428571429,2.4,2.73333333333333,2.76190476190476,2018,734,"October"
"1266",2018-10-03,1,1.66666666666667,2.2,2.28571428571429,3,2.93333333333333,2.76190476190476,2018,735,"October"
"1267",2018-10-04,2,2,2.2,2.57142857142857,2.9,3.13333333333333,2.85714285714286,2018,737,"October"
"1268",2018-10-05,3,2.66666666666667,2.6,3.14285714285714,3.2,2.86666666666667,2.95238095238095,2018,740,"October"
"1269",2018-10-07,3,3.33333333333333,3.8,3.14285714285714,3.3,2.86666666666667,2.95238095238095,2018,743,"October"
"1270",2018-10-08,4,4.66666666666667,3.8,3.71428571428571,3.2,2.93333333333333,3.04761904761905,2018,747,"October"
"1271",2018-10-10,7,4.33333333333333,4.2,4,3.2,3.2,2.95238095238095,2018,754,"October"
"1272",2018-10-11,2,4.66666666666667,4.4,3.71428571428571,3.4,3.13333333333333,3.0952380952381,2018,756,"October"
"1273",2018-10-12,5,3.66666666666667,3.8,3.42857142857143,3.7,3.2,3,2018,761,"October"
"1274",2018-10-14,4,3.33333333333333,2.6,3.42857142857143,3.6,3.33333333333333,2.95238095238095,2018,765,"October"
"1275",2018-10-15,1,2,3,3.28571428571429,3.5,3.46666666666667,2.9047619047619,2018,766,"October"
"1276",2018-10-16,1,2,3.2,3.28571428571429,3.1,3.33333333333333,3.04761904761905,2018,767,"October"
"1277",2018-10-17,4,3.66666666666667,2.8,3,3.3,3.2,3.19047619047619,2018,771,"October"
"1278",2018-10-18,6,4,3.2,2.85714285714286,2.9,3.06666666666667,3.19047619047619,2018,777,"October"
"1279",2018-10-19,2,3.66666666666667,3.6,3.28571428571429,2.6,2.93333333333333,3.19047619047619,2018,779,"October"
"1280",2018-10-20,3,2.66666666666667,3.6,3.28571428571429,2.7,3.06666666666667,3.23809523809524,2018,782,"October"
"1281",2018-10-22,3,3.33333333333333,2.6,2.85714285714286,3.1,2.86666666666667,3.23809523809524,2018,785,"October"
"1282",2018-10-23,4,2.66666666666667,2.4,2.28571428571429,3.1,2.8,2.95238095238095,2018,789,"October"
"1283",2018-10-24,1,2,2.2,2.71428571428571,2.7,3,2.9047619047619,2018,790,"October"
"1284",2018-10-25,1,1.33333333333333,2.6,2.85714285714286,2.8,3.2,2.71428571428571,2018,791,"October"
"1285",2018-10-27,2,2.66666666666667,2.6,2.71428571428571,2.9,3,2.71428571428571,2018,793,"October"
"1286",2018-10-29,5,3.66666666666667,2.8,2.57142857142857,3,2.66666666666667,2.71428571428571,2018,798,"October"
"1287",2018-10-31,4,3.66666666666667,3.2,3,2.7,2.6,2.76190476190476,2018,802,"October"
"1288",2018-11-02,2,3,3.6,3.42857142857143,2.7,2.66666666666667,2.80952380952381,2018,804,"November"
"1289",2018-11-03,3,3,3.4,3.28571428571429,2.7,2.53333333333333,2.61904761904762,2018,807,"November"
"1290",2018-11-04,4,3.66666666666667,2.8,2.71428571428571,2.9,2.4,2.71428571428571,2018,811,"November"
"1291",2018-11-05,4,3,2.6,2.28571428571429,2.5,2.66666666666667,2.80952380952381,2018,815,"November"
"1292",2018-11-06,1,2,2.2,2.57142857142857,2.3,2.73333333333333,2.76190476190476,2018,816,"November"
"1293",2018-11-07,1,1,2.2,2.28571428571429,2.6,2.86666666666667,2.66666666666667,2018,817,"November"
"1294",2018-11-08,1,2,1.6,2,2.5,2.86666666666667,2.71428571428571,2018,818,"November"
"1295",2018-11-09,4,2,1.8,2.14285714285714,2.5,2.73333333333333,2.9047619047619,2018,822,"November"
"1296",2018-11-10,1,2.33333333333333,2.6,2.28571428571429,2.6,2.73333333333333,2.95238095238095,2018,823,"November"
"1297",2018-11-11,2,2.66666666666667,2.8,2.71428571428571,2.7,2.66666666666667,2.80952380952381,2018,825,"November"
"1298",2018-11-12,5,3,2.8,3.28571428571429,2.8,2.73333333333333,2.66666666666667,2018,830,"November"
"1299",2018-11-13,2,3.66666666666667,3.6,3,2.9,2.66666666666667,2.61904761904762,2018,832,"November"
"1300",2018-11-14,4,3.66666666666667,3.6,3.14285714285714,3,2.73333333333333,2.71428571428571,2018,836,"November"
"1301",2018-11-15,5,3.66666666666667,3,3.14285714285714,3.2,2.73333333333333,2.61904761904762,2018,841,"November"
"1302",2018-11-17,2,3,3,3.14285714285714,3.2,2.73333333333333,2.52380952380952,2018,843,"November"
"1303",2018-11-19,2,2,3.2,3.28571428571429,2.8,2.8,2.61904761904762,2018,845,"November"
"1304",2018-11-20,2,3,2.8,3,2.7,2.86666666666667,2.71428571428571,2018,847,"November"
"1305",2018-11-21,5,3.33333333333333,2.8,2.42857142857143,2.8,2.86666666666667,2.71428571428571,2018,852,"November"
"1306",2018-11-22,3,3.33333333333333,2.6,2.28571428571429,2.5,2.73333333333333,2.71428571428571,2018,855,"November"
"1307",2018-11-23,2,2,2.4,2.71428571428571,2.5,2.8,2.80952380952381,2018,857,"November"
"1308",2018-11-24,1,1.33333333333333,2.4,2.71428571428571,2.6,2.6,2.80952380952381,2018,858,"November"
"1309",2018-11-26,1,2.33333333333333,2.2,2.28571428571429,2.7,2.53333333333333,2.61904761904762,2018,859,"November"
"1310",2018-11-27,5,2.66666666666667,2.2,2.28571428571429,2.3,2.6,2.66666666666667,2018,864,"November"
"1311",2018-11-28,2,3,2.6,2.42857142857143,2.4,2.6,2.61904761904762,2018,866,"November"
"1312",2018-11-29,2,2.33333333333333,3,2.42857142857143,2.5,2.53333333333333,2.66666666666667,2018,868,"November"
"1313",2018-11-30,3,2.66666666666667,2.2,2.85714285714286,2.6,2.4,2.76190476190476,2018,871,"November"
"1314",2018-12-01,3,2.33333333333333,2.6,2.57142857142857,2.6,2.4,2.71428571428571,2018,874,"December"
"1315",2018-12-04,1,2.66666666666667,2.8,2.57142857142857,2.4,2.66666666666667,2.71428571428571,2018,875,"December"
"1316",2018-12-05,4,2.66666666666667,2.6,2.42857142857143,2.5,2.86666666666667,2.71428571428571,2018,879,"December"
"1317",2018-12-06,3,3,2.2,2.42857142857143,2.9,2.86666666666667,2.76190476190476,2018,882,"December"
"1318",2018-12-07,2,2,2.6,2.42857142857143,3,2.66666666666667,2.71428571428571,2018,884,"December"
"1319",2018-12-08,1,2,2.4,3.14285714285714,2.8,2.86666666666667,2.76190476190476,2018,885,"December"
"1320",2018-12-09,3,2.33333333333333,3,3.14285714285714,2.9,3,2.76190476190476,2018,888,"December"
"1321",2018-12-10,3,4,3.4,2.85714285714286,3,2.86666666666667,2.61904761904762,2018,891,"December"
"1322",2018-12-11,6,4.33333333333333,3.4,2.85714285714286,3.1,2.8,2.66666666666667,2018,897,"December"
"1323",2018-12-12,4,3.66666666666667,3.2,3.42857142857143,3,2.8,2.76190476190476,2018,901,"December"
"1324",2018-12-13,1,2.33333333333333,3.6,3.57142857142857,3.1,2.66666666666667,2.66666666666667,2018,902,"December"
"1325",2018-12-15,2,2.66666666666667,3.2,3.28571428571429,2.9,2.66666666666667,2.66666666666667,2018,904,"December"
"1326",2018-12-16,5,3.66666666666667,2.6,2.71428571428571,2.8,2.8,2.80952380952381,2018,909,"December"
"1327",2018-12-18,4,3.33333333333333,2.8,2.28571428571429,2.5,2.8,2.71428571428571,2018,913,"December"
"1328",2018-12-20,1,2.33333333333333,2.6,2.42857142857143,2.5,2.8,2.71428571428571,2018,914,"December"
"1329",2018-12-21,2,1.33333333333333,2,2.57142857142857,2.5,2.86666666666667,2.9047619047619,2018,916,"December"
"1330",2018-12-23,1,1.66666666666667,1.8,2.42857142857143,2.6,2.6,3.04761904761905,2018,917,"December"
"1331",2018-12-25,2,2,2.4,2,2.5,2.53333333333333,3.14285714285714,2018,919,"December"
"1332",2018-12-26,3,3,2.2,2.28571428571429,2.3,2.86666666666667,3.14285714285714,2018,922,"December"
"1333",2018-12-28,4,2.66666666666667,2.6,2.57142857142857,2.5,3,3,2018,926,"December"
"1334",2018-12-29,1,2.66666666666667,3,2.71428571428571,2.9,3,2.9047619047619,2018,927,"December"
"1335",2018-12-30,3,2.66666666666667,2.8,2.85714285714286,3.2,2.93333333333333,2.95238095238095,2018,930,"December"
"1336",2018-12-31,4,3,2.6,3.28571428571429,3.5,3.06666666666667,3.04761904761905,2018,934,"December"
"1337",2019-01-01,2,3,3.6,3.28571428571429,3.5,3.06666666666667,2.9047619047619,2019,2,"January"
"1338",2019-01-02,3,3.66666666666667,3.8,3.85714285714286,3.4,3.13333333333333,2.9047619047619,2019,5,"January"
"1339",2019-01-03,6,4.33333333333333,4,3.85714285714286,3.5,3.26666666666667,3.19047619047619,2019,11,"January"
"1340",2019-01-04,4,5,4.2,3.71428571428571,3.4,3.2,3.33333333333333,2019,15,"January"
"1341",2019-01-05,5,4,4.2,3.71428571428571,3.4,3.2,3.47619047619048,2019,20,"January"
"1342",2019-01-06,3,3.66666666666667,3.4,3.57142857142857,3.4,3.6,3.42857142857143,2019,23,"January"
"1343",2019-01-07,3,2.66666666666667,3,3.28571428571429,3.5,3.73333333333333,3.42857142857143,2019,26,"January"
"1344",2019-01-08,2,2.33333333333333,2.8,3,3.6,3.73333333333333,3.28571428571429,2019,28,"January"
"1345",2019-01-10,2,2.66666666666667,2.6,2.85714285714286,3.7,3.66666666666667,3.28571428571429,2019,30,"January"
"1346",2019-01-11,4,2.66666666666667,2.8,3.42857142857143,3.6,3.66666666666667,3.19047619047619,2019,34,"January"
"1347",2019-01-12,2,3.33333333333333,3.8,3.71428571428571,3.4,3.33333333333333,3.19047619047619,2019,36,"January"
"1348",2019-01-13,4,4.33333333333333,4.4,4,3.4,3.13333333333333,3.19047619047619,2019,40,"January"
"1349",2019-01-14,7,5.33333333333333,4.4,3.85714285714286,3.3,2.86666666666667,3.19047619047619,2019,47,"January"
"1350",2019-01-15,5,5.33333333333333,4.2,3.71428571428571,3.2,2.93333333333333,2.95238095238095,2019,52,"January"
"1351",2019-01-16,4,3.33333333333333,4,3.57142857142857,2.9,2.86666666666667,3.19047619047619,2019,56,"January"
"1352",2019-01-18,1,2.66666666666667,2.8,3.14285714285714,3.1,2.93333333333333,3.04761904761905,2019,57,"January"
"1353",2019-01-19,3,1.66666666666667,2,2.28571428571429,2.9,2.86666666666667,3,2019,60,"January"
"1354",2019-01-20,1,1.66666666666667,1.4,2.14285714285714,2.5,3.2,2.9047619047619,2019,61,"January"
"1355",2019-01-21,1,1,2,1.85714285714286,2.1,3.2,2.85714285714286,2019,62,"January"
"1356",2019-01-22,1,2,1.8,2.14285714285714,2.6,3.06666666666667,2.9047619047619,2019,63,"January"
"1357",2019-01-23,4,2.33333333333333,2.2,1.85714285714286,2.7,2.66666666666667,2.80952380952381,2019,67,"January"
"1358",2019-01-24,2,3,2.2,3,2.6,2.4,2.80952380952381,2019,69,"January"
"1359",2019-01-25,3,2,3.8,3.14285714285714,2.6,2.33333333333333,2.66666666666667,2019,72,"January"
"1360",2019-01-27,1,4.33333333333333,3.4,3.28571428571429,2.6,2.4,2.57142857142857,2019,73,"January"
"1361",2019-01-28,9,4,3.4,2.85714285714286,2.8,2.33333333333333,2.61904761904762,2019,82,"January"
"1362",2019-01-29,2,4.33333333333333,3,2.71428571428571,2.6,2.33333333333333,2.52380952380952,2019,84,"January"
"1363",2019-01-30,2,1.66666666666667,3,2.71428571428571,2.6,2.6,2.66666666666667,2019,86,"January"
"1364",2019-01-31,1,1.33333333333333,1.8,2.85714285714286,2.4,2.93333333333333,2.61904761904762,2019,87,"January"
"1365",2019-02-01,1,1.66666666666667,1.8,1.85714285714286,2.8,2.8,2.71428571428571,2019,88,"February"
"1366",2019-02-02,3,2,1.8,1.71428571428571,2.5,2.93333333333333,2.85714285714286,2019,91,"February"
"1367",2019-02-03,2,2.33333333333333,1.8,2.14285714285714,2.5,2.86666666666667,2.9047619047619,2019,93,"February"
"1368",2019-02-04,2,1.66666666666667,2.6,2.85714285714286,2.7,3,2.80952380952381,2019,95,"February"
"1369",2019-02-05,1,2.66666666666667,3.2,3,2.8,2.66666666666667,2.76190476190476,2019,96,"February"
"1370",2019-02-06,5,4,3.2,3.14285714285714,3,2.66666666666667,2.71428571428571,2019,101,"February"
"1371",2019-02-07,6,4.33333333333333,3.6,3.14285714285714,3.1,2.66666666666667,2.80952380952381,2019,107,"February"
"1372",2019-02-08,2,4,3.8,3.28571428571429,3.1,2.66666666666667,2.47619047619048,2019,109,"February"
"1373",2019-02-09,4,2.66666666666667,3.4,3.71428571428571,3.1,2.73333333333333,2.47619047619048,2019,113,"February"
"1374",2019-02-10,2,3,3,3.28571428571429,3.1,2.73333333333333,2.47619047619048,2019,115,"February"
"1375",2019-02-11,3,3,3,2.71428571428571,2.8,2.73333333333333,2.66666666666667,2019,118,"February"
"1376",2019-02-12,4,3,2.6,2.57142857142857,2.5,2.73333333333333,2.80952380952381,2019,122,"February"
"1377",2019-02-13,2,2.66666666666667,2.4,2.28571428571429,2.5,2.8,2.71428571428571,2019,124,"February"
"1378",2019-02-14,2,1.66666666666667,2.2,2.42857142857143,2.3,2.8,2.71428571428571,2019,126,"February"
"1379",2019-02-15,1,1.66666666666667,2,2.28571428571429,2.3,2.66666666666667,2.80952380952381,2019,127,"February"
"1380",2019-02-16,2,2,2,2,2.5,2.6,2.85714285714286,2019,129,"February"
"1381",2019-02-17,3,2.33333333333333,2,2,2.5,2.46666666666667,2.71428571428571,2019,132,"February"
"1382",2019-02-18,2,2.33333333333333,2.2,2.42857142857143,2.4,2.6,2.57142857142857,2019,134,"February"
"1383",2019-02-19,2,2,2.8,2.85714285714286,2.4,2.53333333333333,2.66666666666667,2019,136,"February"
"1384",2019-02-20,2,3,3,2.71428571428571,2.7,2.4,2.52380952380952,2019,138,"February"
"1385",2019-02-22,5,3.66666666666667,2.8,2.57142857142857,2.7,2.46666666666667,2.66666666666667,2019,143,"February"
"1386",2019-02-23,4,3.33333333333333,2.8,2.85714285714286,2.6,2.6,2.80952380952381,2019,147,"February"
"1387",2019-02-24,1,2.33333333333333,3.2,2.85714285714286,2.7,2.6,2.66666666666667,2019,148,"February"
"1388",2019-02-25,2,2.33333333333333,2.6,2.85714285714286,2.9,2.8,2.66666666666667,2019,150,"February"
"1389",2019-02-26,4,2.66666666666667,2.2,2.57142857142857,2.8,3,2.61904761904762,2019,154,"February"
"1390",2019-02-27,2,2.66666666666667,2.6,2.57142857142857,2.8,2.93333333333333,2.85714285714286,2019,156,"February"
"1391",2019-02-28,2,2.33333333333333,3,2.57142857142857,3,2.93333333333333,2.95238095238095,2019,158,"February"
"1392",2019-03-01,3,3,2.4,3,3,2.86666666666667,2.85714285714286,2019,161,"March"
"1393",2019-03-02,4,2.66666666666667,3,3.28571428571429,3,2.93333333333333,2.9047619047619,2019,165,"March"
"1394",2019-03-03,1,3.33333333333333,3.8,3.14285714285714,2.7,2.93333333333333,3,2019,166,"March"
"1395",2019-03-04,5,4,3.4,3.14285714285714,3.1,2.93333333333333,3.19047619047619,2019,171,"March"
"1396",2019-03-05,6,4,3,2.85714285714286,3.3,3,3,2019,177,"March"
"1397",2019-03-06,1,3,3,3.14285714285714,3.1,3,2.95238095238095,2019,178,"March"
"1398",2019-03-07,2,1.33333333333333,3.2,3.57142857142857,3,3.26666666666667,2.95238095238095,2019,180,"March"
"1399",2019-03-08,1,3,2.8,3,3.3,3.2,2.9047619047619,2019,181,"March"
"1400",2019-03-09,6,3.66666666666667,2.8,2.57142857142857,3.4,3.2,2.9047619047619,2019,187,"March"
"1401",2019-03-10,4,3.66666666666667,3,3,2.9,3,2.95238095238095,2019,191,"March"
"1402",2019-03-11,1,2.66666666666667,3.6,3.57142857142857,3.1,3,2.95238095238095,2019,192,"March"
"1403",2019-03-12,3,2.66666666666667,3.6,3.57142857142857,3,2.93333333333333,2.9047619047619,2019,195,"March"
"1404",2019-03-13,4,4.33333333333333,3,3.14285714285714,3,2.73333333333333,2.80952380952381,2019,199,"March"
"1405",2019-03-14,6,3.66666666666667,3.4,2.71428571428571,2.8,2.8,2.95238095238095,2019,205,"March"
"1406",2019-03-15,1,3.33333333333333,3,2.71428571428571,2.7,2.8,3.04761904761905,2019,206,"March"
"1407",2019-03-16,3,1.66666666666667,2.4,2.85714285714286,2.8,2.86666666666667,2.85714285714286,2019,209,"March"
"1408",2019-03-17,1,1.66666666666667,2,2.71428571428571,2.7,2.73333333333333,2.95238095238095,2019,210,"March"
"1409",2019-03-18,1,2,2.4,2.14285714285714,2.5,2.93333333333333,3.04761904761905,2019,211,"March"
"1410",2019-03-19,4,2.66666666666667,2.2,2.28571428571429,2.3,3,3.19047619047619,2019,215,"March"
"1411",2019-03-20,3,3,2.4,2.14285714285714,2.9,3,2.95238095238095,2019,218,"March"
"1412",2019-03-21,2,2.33333333333333,2.6,2.57142857142857,2.8,3,2.9047619047619,2019,220,"March"
"1413",2019-03-22,2,2,2.6,3.42857142857143,3,2.86666666666667,2.95238095238095,2019,222,"March"
"1414",2019-03-24,2,2.66666666666667,3.4,3.14285714285714,3.3,2.86666666666667,2.85714285714286,2019,224,"March"
"1415",2019-03-25,4,4.33333333333333,3.4,3.14285714285714,3.3,2.86666666666667,2.71428571428571,2019,228,"March"
"1416",2019-03-27,7,4.33333333333333,3.6,3.42857142857143,3.1,2.93333333333333,2.57142857142857,2019,235,"March"
"1417",2019-03-28,2,4,4,3.71428571428571,3.2,2.93333333333333,2.57142857142857,2019,237,"March"
"1418",2019-03-30,3,3,4,3.57142857142857,3.2,2.73333333333333,2.57142857142857,2019,240,"March"
"1419",2019-03-31,4,3.66666666666667,2.8,3.42857142857143,3.1,2.73333333333333,2.71428571428571,2019,244,"March"
"1420",2019-04-01,4,3,3,2.71428571428571,2.8,2.66666666666667,2.9047619047619,2019,248,"April"
"1421",2019-04-02,1,2.66666666666667,2.8,2.57142857142857,2.4,2.73333333333333,2.85714285714286,2019,249,"April"
"1422",2019-04-03,3,2,2.2,2.28571428571429,2.3,2.86666666666667,3,2019,252,"April"
"1423",2019-04-04,2,2,1.6,2.14285714285714,2.3,2.93333333333333,3.04761904761905,2019,254,"April"
"1424",2019-04-05,1,1.33333333333333,2,1.71428571428571,2.3,2.66666666666667,3.04761904761905,2019,255,"April"
"1425",2019-04-06,1,1.66666666666667,1.6,2,2.4,2.93333333333333,3.0952380952381,2019,256,"April"
"1426",2019-04-07,3,1.66666666666667,1.8,2.14285714285714,2.6,2.93333333333333,3.0952380952381,2019,259,"April"
"1427",2019-04-08,1,2.33333333333333,2.4,2.57142857142857,2.9,2.8,2.80952380952381,2019,260,"April"
"1428",2019-04-09,3,2.66666666666667,3.2,2.85714285714286,3,2.73333333333333,2.85714285714286,2019,263,"April"
"1429",2019-04-10,4,4,3.2,3.57142857142857,3.1,2.93333333333333,2.80952380952381,2019,267,"April"
"1430",2019-04-11,5,4,4.2,3.57142857142857,3.3,2.8,2.71428571428571,2019,272,"April"
"1431",2019-04-12,3,4.66666666666667,4.2,3.71428571428571,3.4,2.86666666666667,2.61904761904762,2019,275,"April"
"1432",2019-04-14,6,4,3.8,3.71428571428571,3.4,2.93333333333333,2.66666666666667,2019,281,"April"
"1433",2019-04-16,3,3.66666666666667,3.4,3.71428571428571,3.4,3,2.76190476190476,2019,284,"April"
"1434",2019-04-17,2,2.66666666666667,3.6,3.14285714285714,3.2,2.93333333333333,2.71428571428571,2019,286,"April"
"1435",2019-04-18,3,3,2.6,3.14285714285714,2.9,3,2.80952380952381,2019,289,"April"
"1436",2019-04-20,4,2.66666666666667,2.6,2.57142857142857,2.8,3.13333333333333,2.9047619047619,2019,293,"April"
"1437",2019-04-21,1,2.66666666666667,2.6,2.42857142857143,2.4,2.93333333333333,2.95238095238095,2019,294,"April"
"1438",2019-04-22,3,2,2.4,2.42857142857143,2.6,2.8,2.95238095238095,2019,297,"April"
"1439",2019-04-24,2,2.33333333333333,2,2.28571428571429,2.5,2.8,2.85714285714286,2019,299,"April"
"1440",2019-04-25,2,2,2.2,2.42857142857143,2.5,2.66666666666667,2.80952380952381,2019,301,"April"
"1441",2019-04-26,2,2,2.6,2.42857142857143,2.4,2.53333333333333,2.76190476190476,2019,303,"April"
"1442",2019-04-28,2,3,2.4,2.42857142857143,2.7,2.46666666666667,2.66666666666667,2019,305,"April"
"1443",2019-04-29,5,2.66666666666667,2.6,2.57142857142857,2.5,2.46666666666667,2.57142857142857,2019,310,"April"
"1444",2019-04-30,1,3,2.8,2.85714285714286,2.4,2.46666666666667,2.57142857142857,2019,311,"April"
"1445",2019-05-01,3,2.33333333333333,3.2,2.71428571428571,2.5,2.46666666666667,2.52380952380952,2019,314,"May"
"1446",2019-05-02,3,3.33333333333333,2.4,2.57142857142857,2.7,2.53333333333333,2.47619047619048,2019,317,"May"
"1447",2019-05-04,4,2.66666666666667,2.4,2.28571428571429,2.6,2.6,2.33333333333333,2019,321,"May"
"1448",2019-05-05,1,2,2.4,2.71428571428571,2.5,2.53333333333333,2.42857142857143,2019,322,"May"
"1449",2019-05-06,1,1.66666666666667,2.6,2.42857142857143,2.7,2.53333333333333,2.38095238095238,2019,323,"May"
"1450",2019-05-07,3,2.66666666666667,2,2.57142857142857,2.5,2.46666666666667,2.52380952380952,2019,326,"May"
"1451",2019-05-09,4,2.66666666666667,2.6,2.42857142857143,2.4,2.33333333333333,2.57142857142857,2019,330,"May"
"1452",2019-05-10,1,3,3,2.42857142857143,2.1,2.4,2.57142857142857,2019,331,"May"
"1453",2019-05-11,4,2.66666666666667,2.6,2.57142857142857,2.3,2.53333333333333,2.66666666666667,2019,335,"May"
"1454",2019-05-13,3,2.66666666666667,2.2,2.28571428571429,2.4,2.53333333333333,2.57142857142857,2019,338,"May"
"1455",2019-05-14,1,2,2.2,2.14285714285714,2.6,2.4,2.66666666666667,2019,339,"May"
"1456",2019-05-15,2,1.33333333333333,2,2.28571428571429,2.5,2.6,2.61904761904762,2019,341,"May"
"1457",2019-05-16,1,2,1.8,2.42857142857143,2.6,2.73333333333333,2.57142857142857,2019,342,"May"
"1458",2019-05-17,3,2,2.6,2.42857142857143,2.6,2.73333333333333,2.42857142857143,2019,345,"May"
"1459",2019-05-18,2,3.33333333333333,2.8,2.57142857142857,2.6,2.6,2.42857142857143,2019,347,"May"
"1460",2019-05-19,5,3.33333333333333,3,2.85714285714286,2.8,2.66666666666667,2.52380952380952,2019,352,"May"
"1461",2019-05-20,3,3.33333333333333,3.2,3.14285714285714,2.8,2.46666666666667,2.47619047619048,2019,355,"May"
"1462",2019-05-21,2,3,3.4,3.14285714285714,2.9,2.33333333333333,2.47619047619048,2019,357,"May"
"1463",2019-05-22,4,3,3,3.14285714285714,2.7,2.46666666666667,2.47619047619048,2019,361,"May"
"1464",2019-05-23,3,3.33333333333333,2.8,2.71428571428571,2.6,2.46666666666667,2.47619047619048,2019,364,"May"
"1465",2019-05-24,3,2.66666666666667,2.8,2.42857142857143,2.4,2.66666666666667,2.42857142857143,2019,367,"May"
"1466",2019-05-26,2,2.33333333333333,2.2,2.28571428571429,2.3,2.53333333333333,2.52380952380952,2019,369,"May"
"1467",2019-05-27,2,1.66666666666667,1.8,2.14285714285714,2.5,2.66666666666667,2.76190476190476,2019,371,"May"
"1468",2019-05-28,1,1.33333333333333,1.8,2,2.2,2.46666666666667,2.76190476190476,2019,372,"May"
"1469",2019-05-29,1,1.66666666666667,1.8,2.14285714285714,2.3,2.46666666666667,2.71428571428571,2019,373,"May"
"1470",2019-05-30,3,2,2.2,2,2.2,2.8,2.80952380952381,2019,376,"May"
"1471",2019-05-31,2,3,2.2,2.28571428571429,2.3,2.6,2.66666666666667,2019,378,"May"
"1472",2019-06-01,4,2.33333333333333,2.8,2.42857142857143,2.8,2.53333333333333,2.76190476190476,2019,382,"June"
"1473",2019-06-02,1,3,2.6,2.71428571428571,2.8,2.6,2.76190476190476,2019,383,"June"
"1474",2019-06-03,4,2.33333333333333,2.8,3.28571428571429,2.9,2.6,2.66666666666667,2019,387,"June"
"1475",2019-06-04,2,3,3.4,3.14285714285714,3,2.8,2.76190476190476,2019,389,"June"
"1476",2019-06-05,3,4,3.4,2.85714285714286,3,2.86666666666667,2.76190476190476,2019,392,"June"
"1477",2019-06-06,7,3.66666666666667,3,3.28571428571429,3.1,2.93333333333333,2.80952380952381,2019,399,"June"
"1478",2019-06-07,1,3.33333333333333,3.4,3,3.2,3.06666666666667,2.85714285714286,2019,400,"June"
"1479",2019-06-08,2,2.33333333333333,3.2,3.42857142857143,3,3.13333333333333,2.95238095238095,2019,402,"June"
"1480",2019-06-09,4,2.66666666666667,2.8,3.28571428571429,3.3,3.06666666666667,3,2019,406,"June"
"1481",2019-06-10,2,3.66666666666667,3,2.57142857142857,3.3,3.2,2.9047619047619,2019,408,"June"
"1482",2019-06-11,5,3,3,3.14285714285714,2.9,3.13333333333333,2.95238095238095,2019,413,"June"
"1483",2019-06-12,2,3,3.2,3.28571428571429,3.1,3.13333333333333,2.85714285714286,2019,415,"June"
"1484",2019-06-13,2,3,3.4,3.14285714285714,3.2,3,2.9047619047619,2019,417,"June"
"1485",2019-06-15,5,3.33333333333333,3,3.28571428571429,3,2.73333333333333,3.04761904761905,2019,422,"June"
"1486",2019-06-16,3,3.66666666666667,3.2,3,2.9,2.8,3.14285714285714,2019,425,"June"
"1487",2019-06-17,3,3,3.4,3,2.7,2.8,3.0952380952381,2019,428,"June"
"1488",2019-06-18,3,3,2.8,2.85714285714286,2.7,3,2.95238095238095,2019,431,"June"
"1489",2019-06-20,3,2.66666666666667,2.4,2.57142857142857,2.7,3.13333333333333,3.04761904761905,2019,434,"June"
"1490",2019-06-22,2,2,2.4,2.42857142857143,2.9,2.93333333333333,3.19047619047619,2019,436,"June"
"1491",2019-06-23,1,2,2.2,2.28571428571429,3,3.06666666666667,3.0952380952381,2019,437,"June"
"1492",2019-06-24,3,2,2,2.85714285714286,2.9,3.13333333333333,3.23809523809524,2019,440,"June"
"1493",2019-06-25,2,2.33333333333333,3,3,3,3.13333333333333,3.04761904761905,2019,442,"June"
"1494",2019-06-26,2,3.66666666666667,3.6,3,3,3.06666666666667,3.14285714285714,2019,444,"June"
"1495",2019-06-27,7,4.33333333333333,3.4,3.42857142857143,3.3,3.2,3.0952380952381,2019,451,"June"
"1496",2019-06-28,4,4.33333333333333,3.8,3.42857142857143,3.4,3.06666666666667,3.04761904761905,2019,455,"June"
"1497",2019-06-29,2,3.33333333333333,4,3.85714285714286,3.6,3.13333333333333,3,2019,457,"June"
"1498",2019-07-01,4,3,3.6,3.85714285714286,3.5,3.06666666666667,2.95238095238095,2019,461,"July"
"1499",2019-07-02,3,4,3.2,3.57142857142857,3.7,3.26666666666667,3,2019,464,"July"
"1500",2019-07-03,5,3.33333333333333,3.8,3.14285714285714,3.1,3.2,3,2019,469,"July"
"1501",2019-07-04,2,4,3.2,3.42857142857143,3.1,3.2,3,2019,471,"July"
"1502",2019-07-05,5,2.66666666666667,3.4,3,3.1,3.33333333333333,3.19047619047619,2019,476,"July"
"1503",2019-07-06,1,3.33333333333333,2.6,3.14285714285714,2.9,3.06666666666667,3.19047619047619,2019,477,"July"
"1504",2019-07-07,4,2,3,2.71428571428571,3,2.93333333333333,3.33333333333333,2019,481,"July"
"1505",2019-07-08,1,3,2.4,2.71428571428571,2.8,3.13333333333333,3.33333333333333,2019,482,"July"
"1506",2019-07-09,4,2.33333333333333,2.6,2.57142857142857,2.8,3.06666666666667,3.0952380952381,2019,486,"July"
"1507",2019-07-10,2,2.66666666666667,2.6,2.85714285714286,2.8,3.2,2.95238095238095,2019,488,"July"
"1508",2019-07-11,2,2.66666666666667,3,2.57142857142857,3,3,3,2019,490,"July"
"1509",2019-07-13,4,3,2.6,3.14285714285714,3.1,3,2.85714285714286,2019,494,"July"
"1510",2019-07-14,3,3,3.2,3,3.2,2.73333333333333,2.85714285714286,2019,497,"July"
"1511",2019-07-15,2,3.33333333333333,3.4,3.42857142857143,3,2.86666666666667,2.71428571428571,2019,499,"July"
"1512",2019-07-16,5,3.33333333333333,3.6,3.42857142857143,2.9,2.66666666666667,2.66666666666667,2019,504,"July"
"1513",2019-07-17,3,4.33333333333333,3.4,3.14285714285714,3,2.8,2.66666666666667,2019,507,"July"
"1514",2019-07-18,5,3.33333333333333,3.4,2.85714285714286,2.7,2.66666666666667,2.9047619047619,2019,512,"July"
"1515",2019-07-19,2,3,2.6,3,2.7,2.6,2.85714285714286,2019,514,"July"
"1516",2019-07-21,2,1.66666666666667,2.6,2.42857142857143,2.7,2.8,3.04761904761905,2019,516,"July"
"1517",2019-07-22,1,2,1.8,2.42857142857143,2.3,2.93333333333333,2.95238095238095,2019,517,"July"
"1518",2019-07-23,3,1.66666666666667,2,2,2.5,2.93333333333333,3.19047619047619,2019,520,"July"
"1519",2019-07-25,1,2.33333333333333,2,1.85714285714286,2.6,3.13333333333333,3.14285714285714,2019,521,"July"
"1520",2019-07-26,3,2,2,2.28571428571429,2.7,2.93333333333333,3,2019,524,"July"
"1521",2019-07-28,2,2,2.4,3,3,3.2,2.95238095238095,2019,526,"July"
"1522",2019-07-30,1,2.66666666666667,3.4,3,3.1,2.93333333333333,3,2019,527,"July"
"1523",2019-07-31,5,4,3.4,3.57142857142857,3.5,2.86666666666667,2.85714285714286,2019,532,"July"
"1524",2019-08-01,6,4.66666666666667,4,3.42857142857143,3.5,2.86666666666667,2.76190476190476,2019,538,"August"
"1525",2019-08-02,3,4.66666666666667,4.2,4.14285714285714,3.3,3,2.61904761904762,2019,541,"August"
"1526",2019-08-03,5,3.33333333333333,4.6,4.14285714285714,3.3,2.93333333333333,2.71428571428571,2019,546,"August"
"1527",2019-08-04,2,4.66666666666667,3.6,3.57142857142857,3.5,2.93333333333333,2.71428571428571,2019,548,"August"
"1528",2019-08-05,7,3.33333333333333,3.2,3,3.2,2.86666666666667,2.71428571428571,2019,555,"August"
"1529",2019-08-06,1,3,2.6,3,2.7,3,2.61904761904762,2019,556,"August"
"1530",2019-08-07,1,1.33333333333333,2.8,2.57142857142857,2.6,3.06666666666667,2.71428571428571,2019,557,"August"
"1531",2019-08-08,2,2,1.8,2.42857142857143,2.5,2.8,2.66666666666667,2019,559,"August"
"1532",2019-08-09,3,2.33333333333333,1.8,1.71428571428571,2.5,2.46666666666667,2.66666666666667,2019,562,"August"
"1533",2019-08-10,2,2,2,2.14285714285714,1.9,2.46666666666667,2.80952380952381,2019,564,"August"
"1534",2019-08-11,1,1.66666666666667,2.4,2.28571428571429,1.9,2.26666666666667,2.76190476190476,2019,565,"August"
"1535",2019-08-12,2,2.33333333333333,2.2,2.14285714285714,2.1,2.26666666666667,2.57142857142857,2019,567,"August"
"1536",2019-08-13,4,2.66666666666667,2,1.85714285714286,2.1,2.06666666666667,2.47619047619048,2019,571,"August"
"1537",2019-08-14,2,2.33333333333333,2,2,2,2.26666666666667,2.28571428571429,2019,573,"August"
"1538",2019-08-15,1,1.33333333333333,2.2,2.14285714285714,2.2,2.33333333333333,2.33333333333333,2019,574,"August"
"1539",2019-08-16,1,1.66666666666667,1.8,2.14285714285714,2.5,2.26666666666667,2.14285714285714,2019,575,"August"
"1540",2019-08-17,3,2,1.8,2.14285714285714,2.5,2.13333333333333,2.14285714285714,2019,578,"August"
"1541",2019-08-18,2,2.33333333333333,2.4,2.42857142857143,2.2,2.2,2.19047619047619,2019,580,"August"
"1542",2019-08-19,2,2.66666666666667,3,2.57142857142857,2.1,2.33333333333333,2.33333333333333,2019,582,"August"
"1543",2019-08-21,4,3.33333333333333,2.8,2.57142857142857,2.3,2.26666666666667,2.28571428571429,2019,586,"August"
"1544",2019-08-22,4,3.33333333333333,2.6,2.28571428571429,2.5,2.13333333333333,2.33333333333333,2019,590,"August"
"1545",2019-08-23,2,2.33333333333333,2.4,2.42857142857143,2.3,2.33333333333333,2.42857142857143,2019,592,"August"
"1546",2019-08-24,1,1.33333333333333,2.2,2.57142857142857,2.3,2.4,2.47619047619048,2019,593,"August"
"1547",2019-08-26,1,1.66666666666667,2,2.14285714285714,2.6,2.53333333333333,2.42857142857143,2019,594,"August"
"1548",2019-08-27,3,2.33333333333333,1.8,1.85714285714286,2.4,2.53333333333333,2.38095238095238,2019,597,"August"
"1549",2019-08-28,3,2.33333333333333,2,2.28571428571429,2.3,2.6,2.42857142857143,2019,600,"August"
"1550",2019-08-29,1,2,2.8,2.42857142857143,2.4,2.66666666666667,2.47619047619048,2019,601,"August"
"1551",2019-08-30,2,2.66666666666667,2.6,2.71428571428571,2.6,2.46666666666667,2.47619047619048,2019,603,"August"
"1552",2019-08-31,5,3,2.6,2.71428571428571,2.8,2.33333333333333,2.42857142857143,2019,608,"August"
"1553",2019-09-01,2,3.33333333333333,3,2.71428571428571,2.6,2.33333333333333,2.42857142857143,2019,610,"September"
"1554",2019-09-02,3,2.66666666666667,3.2,3,2.5,2.46666666666667,2.33333333333333,2019,613,"September"
"1555",2019-09-03,3,3,2.8,2.85714285714286,2.6,2.46666666666667,2.23809523809524,2019,616,"September"
"1556",2019-09-04,3,3,2.6,2.42857142857143,2.7,2.4,2.33333333333333,2019,619,"September"
"1557",2019-09-05,3,2.33333333333333,2.4,2.42857142857143,2.3,2.33333333333333,2.38095238095238,2019,622,"September"
"1558",2019-09-06,1,2,2.2,2.42857142857143,2.3,2.4,2.47619047619048,2019,623,"September"
"1559",2019-09-07,2,1.66666666666667,2.2,2.14285714285714,2.2,2.53333333333333,2.47619047619048,2019,625,"September"
"1560",2019-09-08,2,2.33333333333333,1.8,2,2.1,2.33333333333333,2.52380952380952,2019,627,"September"
"1561",2019-09-09,3,2,2,1.85714285714286,2.2,2.4,2.57142857142857,2019,630,"September"
"1562",2019-09-10,1,2,2,2,2.1,2.4,2.57142857142857,2019,631,"September"
"1563",2019-09-11,2,1.66666666666667,2,2.28571428571429,2.3,2.46666666666667,2.42857142857143,2019,633,"September"
"1564",2019-09-12,2,2,2.2,2.28571428571429,2.4,2.4,2.38095238095238,2019,635,"September"
"1565",2019-09-13,2,2.66666666666667,2.4,2.28571428571429,2.6,2.33333333333333,2.38095238095238,2019,637,"September"
"1566",2019-09-14,4,2.66666666666667,2.6,2.57142857142857,2.5,2.4,2.38095238095238,2019,641,"September"
"1567",2019-09-15,2,3,2.8,2.85714285714286,2.6,2.33333333333333,2.33333333333333,2019,643,"September"
"1568",2019-09-16,3,2.66666666666667,3.2,2.85714285714286,2.6,2.4,2.28571428571429,2019,646,"September"
"1569",2019-09-17,3,3.33333333333333,2.8,2.85714285714286,2.5,2.4,2.28571428571429,2019,649,"September"
"1570",2019-09-18,4,3,2.8,2.57142857142857,2.6,2.46666666666667,2.42857142857143,2019,653,"September"
"1571",2019-09-19,2,2.66666666666667,2.6,2.42857142857143,2.5,2.46666666666667,2.42857142857143,2019,655,"September"
"1572",2019-09-20,2,2,2.2,2.42857142857143,2.5,2.4,2.47619047619048,2019,657,"September"
"1573",2019-09-21,2,1.66666666666667,2,2.42857142857143,2.4,2.6,2.52380952380952,2019,659,"September"
"1574",2019-09-22,1,2,2.2,2.14285714285714,2.2,2.46666666666667,2.47619047619048,2019,660,"September"
"1575",2019-09-23,3,2.33333333333333,2.2,2.14285714285714,2.3,2.6,2.42857142857143,2019,663,"September"
"1576",2019-09-24,3,2.66666666666667,2.2,2,2.3,2.53333333333333,2.52380952380952,2019,666,"September"
"1577",2019-09-25,2,2.33333333333333,2.2,2.42857142857143,2.5,2.4,2.42857142857143,2019,668,"September"
"1578",2019-09-26,2,1.66666666666667,2.6,2.57142857142857,2.5,2.2,2.47619047619048,2019,670,"September"
"1579",2019-09-28,1,2.66666666666667,2.4,2.71428571428571,2.5,2.33333333333333,2.38095238095238,2019,671,"September"
"1580",2019-09-29,5,2.66666666666667,2.8,2.57142857142857,2.3,2.33333333333333,2.33333333333333,2019,676,"September"
"1581",2019-09-30,2,3.66666666666667,2.8,2.42857142857143,2.4,2.4,2.28571428571429,2019,678,"September"
"1582",2019-10-01,4,2.66666666666667,2.8,2.28571428571429,2.4,2.4,2.38095238095238,2019,682,"October"
"1583",2019-10-03,2,2.33333333333333,2,2.71428571428571,2.5,2.33333333333333,2.42857142857143,2019,684,"October"
"1584",2019-10-04,1,1.33333333333333,2.4,2.28571428571429,2.5,2.33333333333333,2.47619047619048,2019,685,"October"
"1585",2019-10-05,1,2,2,2.42857142857143,2.2,2.46666666666667,2.66666666666667,2019,686,"October"
"1586",2019-10-06,4,2.33333333333333,2.2,2,2.3,2.53333333333333,2.61904761904762,2019,690,"October"
"1587",2019-10-07,2,3,2.2,2,2.3,2.66666666666667,2.66666666666667,2019,692,"October"
"1588",2019-10-08,3,2,2.4,2.28571428571429,2.4,2.66666666666667,2.71428571428571,2019,695,"October"
"1589",2019-10-09,1,2,2.2,2.71428571428571,2.6,2.66666666666667,2.76190476190476,2019,696,"October"
"1590",2019-10-10,2,2,2.6,2.57142857142857,3,2.66666666666667,2.80952380952381,2019,698,"October"
"1591",2019-10-11,3,3,2.6,2.71428571428571,2.8,2.73333333333333,2.76190476190476,2019,701,"October"
"1592",2019-10-12,4,3.33333333333333,3,3,3,2.86666666666667,2.71428571428571,2019,705,"October"
"1593",2019-10-13,3,3.33333333333333,3.6,3.14285714285714,3,2.93333333333333,2.80952380952381,2019,708,"October"
"1594",2019-10-14,3,3.66666666666667,3.4,3.42857142857143,3.2,2.93333333333333,2.76190476190476,2019,711,"October"
"1595",2019-10-15,5,3.33333333333333,3.4,3.42857142857143,3.2,2.86666666666667,2.95238095238095,2019,716,"October"
"1596",2019-10-16,2,3.66666666666667,3.4,3.28571428571429,3.3,3.06666666666667,3,2019,718,"October"
"1597",2019-10-17,4,3,3.4,3.14285714285714,3,3.06666666666667,3.04761904761905,2019,722,"October"
"1598",2019-10-18,3,3.33333333333333,2.8,3.28571428571429,3.3,3.26666666666667,3,2019,725,"October"
"1599",2019-10-19,3,2.66666666666667,3.2,2.71428571428571,3.1,3.2,3,2019,728,"October"
"1600",2019-10-20,2,3,2.6,3.28571428571429,3.1,3.26666666666667,3.0952380952381,2019,730,"October"
"1601",2019-10-21,4,2.33333333333333,3.2,2.85714285714286,3.1,3.13333333333333,3.19047619047619,2019,734,"October"
"1602",2019-10-22,1,3.66666666666667,2.8,3.14285714285714,3.2,3.13333333333333,3.14285714285714,2019,735,"October"
"1603",2019-10-23,6,2.66666666666667,3.4,3,3,3,3.04761904761905,2019,741,"October"
"1604",2019-10-24,1,4,3,3.42857142857143,3,3.13333333333333,3.04761904761905,2019,742,"October"
"1605",2019-10-25,5,2.66666666666667,3.8,3,3.1,3,3.0952380952381,2019,747,"October"
"1606",2019-10-26,2,4,2.8,3.28571428571429,3.1,2.93333333333333,3.04761904761905,2019,749,"October"
"1607",2019-10-27,5,2.66666666666667,3.2,2.85714285714286,3.2,2.93333333333333,3.14285714285714,2019,754,"October"
"1608",2019-10-28,1,3,2.8,3.28571428571429,2.8,3.06666666666667,3,2019,755,"October"
"1609",2019-10-30,3,2.33333333333333,3.2,2.85714285714286,3,3.06666666666667,3,2019,758,"October"
"1610",2019-10-31,3,3.33333333333333,2.6,2.85714285714286,2.9,3.26666666666667,3.04761904761905,2019,761,"October"
"1611",2019-11-01,4,3,2.8,2.57142857142857,3.1,2.93333333333333,3.04761904761905,2019,765,"November"
"1612",2019-11-02,2,2.66666666666667,2.8,3,3,3.06666666666667,2.95238095238095,2019,767,"November"
"1613",2019-11-03,2,2.33333333333333,3,3.14285714285714,3,3,3,2019,769,"November"
"1614",2019-11-04,3,3,3,3.28571428571429,3,3,2.80952380952381,2019,772,"November"
"1615",2019-11-05,4,3.66666666666667,3.4,2.85714285714286,3.1,2.8,2.85714285714286,2019,776,"November"
"1616",2019-11-06,4,4,3.2,3,2.9,2.86666666666667,2.71428571428571,2019,780,"November"
"1617",2019-11-07,4,3,3.2,3.28571428571429,2.9,2.8,2.85714285714286,2019,784,"November"
"1618",2019-11-08,1,2.66666666666667,3.2,3.14285714285714,2.9,2.73333333333333,2.80952380952381,2019,785,"November"
"1619",2019-11-09,3,2.66666666666667,2.8,2.85714285714286,2.8,2.6,2.85714285714286,2019,788,"November"
"1620",2019-11-11,4,3,2.4,2.57142857142857,2.6,2.8,2.80952380952381,2019,792,"November"
"1621",2019-11-12,2,2.66666666666667,2.6,2.28571428571429,2.4,2.93333333333333,2.71428571428571,2019,794,"November"
"1622",2019-11-13,2,2,2.4,2.42857142857143,2.5,2.86666666666667,2.61904761904762,2019,796,"November"
"1623",2019-11-14,2,2,2,2.28571428571429,2.8,2.73333333333333,2.61904761904762,2019,798,"November"
"1624",2019-11-15,2,2,2,2.42857142857143,2.7,2.53333333333333,2.57142857142857,2019,800,"November"
"1625",2019-11-16,2,2,2.6,2.71428571428571,2.5,2.4,2.57142857142857,2019,802,"November"
"1626",2019-11-18,2,3,3,2.71428571428571,2.4,2.46666666666667,2.57142857142857,2019,804,"November"
"1627",2019-11-19,5,3.66666666666667,3,2.71428571428571,2.4,2.33333333333333,2.42857142857143,2019,809,"November"
"1628",2019-11-20,4,3.66666666666667,3,2.57142857142857,2.4,2.26666666666667,2.52380952380952,2019,813,"November"
"1629",2019-11-22,2,2.66666666666667,2.8,2.57142857142857,2.3,2.4,2.66666666666667,2019,815,"November"
"1630",2019-11-23,2,1.66666666666667,2.2,2.57142857142857,2.4,2.33333333333333,2.61904761904762,2019,817,"November"
"1631",2019-11-24,1,1.66666666666667,1.8,2,2.6,2.6,2.66666666666667,2019,818,"November"
"1632",2019-11-25,2,1.66666666666667,1.6,1.85714285714286,2.2,2.73333333333333,2.66666666666667,2019,820,"November"
"1633",2019-11-26,2,1.66666666666667,1.8,2.14285714285714,2.4,2.73333333333333,2.66666666666667,2019,822,"November"
"1634",2019-11-27,1,2,2.4,2,2.6,2.93333333333333,2.61904761904762,2019,823,"November"
"1635",2019-11-28,3,2.66666666666667,2.2,2.71428571428571,2.6,2.73333333333333,2.57142857142857,2019,826,"November"
"1636",2019-11-29,4,2.66666666666667,3,3,3,2.6,2.85714285714286,2019,830,"November"
"1637",2019-11-30,1,3.66666666666667,3.6,3,3,2.53333333333333,2.85714285714286,2019,831,"November"
"1638",2019-12-01,6,3.66666666666667,3.4,3.57142857142857,3,2.46666666666667,2.95238095238095,2019,837,"December"
"1639",2019-12-02,4,4,3.6,3.42857142857143,3,2.93333333333333,2.95238095238095,2019,841,"December"
"1640",2019-12-03,2,3.66666666666667,3.8,3.14285714285714,2.8,2.93333333333333,3.04761904761905,2019,843,"December"
"1641",2019-12-05,5,3,3,3.14285714285714,3.2,3.26666666666667,3.0952380952381,2019,848,"December"
"1642",2019-12-06,2,3,2.4,2.42857142857143,3.3,3.46666666666667,3.23809523809524,2019,850,"December"
"1643",2019-12-07,2,1.66666666666667,2.2,3,3.4,3.53333333333333,3.19047619047619,2019,852,"December"
"1644",2019-12-08,1,1.33333333333333,2.8,3,3.4,3.46666666666667,3.38095238095238,2019,853,"December"
"1645",2019-12-09,1,3.33333333333333,2.8,3.28571428571429,3.6,3.66666666666667,3.47619047619048,2019,854,"December"
"1646",2019-12-10,8,3.66666666666667,3.8,3.57142857142857,3.4,3.33333333333333,3.52380952380952,2019,862,"December"
"1647",2019-12-11,2,5.66666666666667,4.4,3.85714285714286,3.6,3.46666666666667,3.47619047619048,2019,864,"December"
"1648",2019-12-12,7,4.33333333333333,5,4.14285714285714,3.5,3.53333333333333,3.57142857142857,2019,871,"December"
"1649",2019-12-14,4,5,4,4.57142857142857,4,3.46666666666667,3.42857142857143,2019,875,"December"
"1650",2019-12-15,4,3.66666666666667,4.4,3.57142857142857,4.2,3.53333333333333,3.33333333333333,2019,879,"December"
"1651",2019-12-16,3,3.66666666666667,3.2,4.14285714285714,3.8,3.6,3.33333333333333,2019,882,"December"
"1652",2019-12-17,4,2.66666666666667,3.6,3.57142857142857,3.9,3.73333333333333,3.23809523809524,2019,886,"December"
"1653",2019-12-18,1,3.66666666666667,3.4,3.57142857142857,3.5,3.8,3.38095238095238,2019,887,"December"
"1654",2019-12-19,6,3.33333333333333,3.6,3.42857142857143,3.4,3.4,3.42857142857143,2019,893,"December"
"1655",2019-12-20,3,4.33333333333333,3.4,3.42857142857143,3.2,3.46666666666667,3.52380952380952,2019,896,"December"
"1656",2019-12-21,4,3.33333333333333,3.8,3.28571428571429,3.1,3.33333333333333,3.71428571428571,2019,900,"December"
"1657",2019-12-22,3,3.33333333333333,3.2,3.42857142857143,3,3.26666666666667,3.52380952380952,2019,903,"December"
"1658",2019-12-23,3,3,3,2.85714285714286,3.4,3.2,3.71428571428571,2019,906,"December"
"1659",2019-12-24,3,2.66666666666667,2.6,2.85714285714286,3.1,3.33333333333333,3.42857142857143,2019,909,"December"
"1660",2019-12-25,2,2.33333333333333,2.6,3,3.1,3.33333333333333,3.52380952380952,2019,911,"December"
"1661",2019-12-26,2,2.33333333333333,3,3,3.2,3.66666666666667,3.57142857142857,2019,913,"December"
"1662",2019-12-27,3,3.33333333333333,3,3,3.3,3.33333333333333,3.47619047619048,2019,916,"December"
"1663",2019-12-28,5,3.66666666666667,3.2,3.28571428571429,3.6,3.53333333333333,3.38095238095238,2019,921,"December"
"1664",2019-12-29,3,3.66666666666667,3.8,3.57142857142857,3.4,3.6,3.57142857142857,2019,924,"December"
"1665",2019-12-30,3,3.66666666666667,4,4.14285714285714,3.8,3.46666666666667,3.38095238095238,2019,927,"December"
"1666",2019-12-31,5,4,4.2,3.85714285714286,4.1,3.4,3.33333333333333,2019,932,"December"
"1667",2020-01-01,4,5,3.8,4,3.9,3.53333333333333,3.28571428571429,2020,4,"January"
"1668",2020-01-02,6,3.66666666666667,4.4,4.28571428571429,3.6,3.53333333333333,3.23809523809524,2020,10,"January"
"1669",2020-01-04,1,4.33333333333333,4.4,4,3.8,3.53333333333333,3.14285714285714,2020,11,"January"
"1670",2020-01-05,6,4,3.8,3.57142857142857,3.7,3.53333333333333,3.23809523809524,2020,17,"January"
"1671",2020-01-06,5,4,3,3.71428571428571,3.4,3.33333333333333,3.28571428571429,2020,22,"January"
"1672",2020-01-07,1,2.66666666666667,3.8,3.14285714285714,3.3,3.2,3.23809523809524,2020,23,"January"
"1673",2020-01-08,2,2.66666666666667,3,3.28571428571429,2.9,3.33333333333333,3.14285714285714,2020,25,"January"
"1674",2020-01-09,5,3,2.4,2.85714285714286,2.9,3.2,3.0952380952381,2020,30,"January"
"1675",2020-01-10,2,3,2.8,2.42857142857143,2.8,3,3.14285714285714,2020,32,"January"
"1676",2020-01-11,2,2.33333333333333,2.8,2.42857142857143,2.6,2.66666666666667,3.14285714285714,2020,34,"January"
"1677",2020-01-12,3,2.33333333333333,2,2.85714285714286,2.6,2.86666666666667,3.19047619047619,2020,37,"January"
"1678",2020-01-13,2,2,2.6,2.57142857142857,2.5,2.73333333333333,3.14285714285714,2020,39,"January"
"1679",2020-01-14,1,2.66666666666667,2.8,2.42857142857143,2.4,2.6,2.95238095238095,2020,40,"January"
"1680",2020-01-15,5,3,2.4,2.28571428571429,2.6,2.93333333333333,3.0952380952381,2020,45,"January"
"1681",2020-01-16,3,3,2.2,2.42857142857143,2.7,3,2.95238095238095,2020,48,"January"
"1682",2020-01-17,1,1.66666666666667,2.8,2.71428571428571,3,2.8,2.85714285714286,2020,49,"January"
"1683",2020-01-19,1,2,2.6,3,3.1,2.93333333333333,3,2020,50,"January"
"1684",2020-01-20,4,3,2.6,3.14285714285714,3.2,3,3.04761904761905,2020,54,"January"
"1685",2020-01-21,4,3.66666666666667,3.6,3.14285714285714,3.1,3,2.95238095238095,2020,58,"January"
"1686",2020-01-22,3,4.33333333333333,4,3.28571428571429,3.1,3.13333333333333,2.9047619047619,2020,61,"January"
"1687",2020-01-23,6,4,3.6,3.71428571428571,3.3,3.26666666666667,3,2020,67,"January"
"1688",2020-01-24,3,3.66666666666667,3.6,3.57142857142857,3.6,3.13333333333333,2.95238095238095,2020,70,"January"
"1689",2020-01-25,2,3,3.6,3.42857142857143,3.5,3,2.9047619047619,2020,72,"January"
"1690",2020-01-27,4,3,3,3.57142857142857,3.4,3.2,3,2020,76,"January"
"1691",2020-01-28,3,3.33333333333333,3.2,3.14285714285714,3.2,3.26666666666667,2.85714285714286,2020,79,"January"
"1692",2020-01-29,3,3.33333333333333,3.4,3.14285714285714,3,3.06666666666667,2.95238095238095,2020,82,"January"
"1693",2020-01-30,4,3.33333333333333,3.2,3,2.9,3,3.04761904761905,2020,86,"January"
"1694",2020-02-01,3,3.33333333333333,2.8,3,2.8,2.93333333333333,3.0952380952381,2020,89,"February"
"1695",2020-02-02,3,2.33333333333333,3,2.85714285714286,2.7,2.86666666666667,3.14285714285714,2020,92,"February"
"1696",2020-02-03,1,2.66666666666667,2.6,2.57142857142857,2.6,2.86666666666667,3.0952380952381,2020,93,"February"
"1697",2020-02-04,4,2.33333333333333,2.2,2.42857142857143,2.8,2.86666666666667,3,2020,97,"February"
"1698",2020-02-05,2,2.33333333333333,2.2,2.28571428571429,2.7,2.93333333333333,2.9047619047619,2020,99,"February"
"1699",2020-02-06,1,2,2.4,2.57142857142857,2.6,2.93333333333333,2.85714285714286,2020,100,"February"
"1700",2020-02-07,3,2,2.6,2.85714285714286,2.8,2.8,2.80952380952381,2020,103,"February"
"1701",2020-02-08,2,3.33333333333333,2.8,2.57142857142857,3,2.8,2.66666666666667,2020,105,"February"
"1702",2020-02-09,5,3.33333333333333,3,3,2.7,2.73333333333333,2.61904761904762,2020,110,"February"
"1703",2020-02-10,3,3.33333333333333,3.4,3.28571428571429,2.9,2.6,2.61904761904762,2020,113,"February"
"1704",2020-02-12,2,3.33333333333333,3.6,3,3,2.6,2.47619047619048,2020,115,"February"
"1705",2020-02-13,5,3.33333333333333,2.8,3.28571428571429,2.8,2.46666666666667,2.38095238095238,2020,120,"February"
"1706",2020-02-14,3,3,3,2.85714285714286,2.7,2.53333333333333,2.38095238095238,2020,123,"February"
"1707",2020-02-15,1,2.66666666666667,3,2.57142857142857,2.4,2.53333333333333,2.66666666666667,2020,124,"February"
"1708",2020-02-16,4,2.33333333333333,2.2,2.42857142857143,2.4,2.4,2.71428571428571,2020,128,"February"
"1709",2020-02-17,2,2.33333333333333,1.8,2,2.3,2.46666666666667,2.76190476190476,2020,130,"February"
"1710",2020-02-18,1,1.33333333333333,2,2,1.9,2.6,2.76190476190476,2020,131,"February"
"1711",2020-02-19,1,1.33333333333333,1.8,2,1.9,2.73333333333333,2.76190476190476,2020,132,"February"
"1712",2020-02-20,2,2,1.6,1.57142857142857,2.5,2.8,2.85714285714286,2020,134,"February"
"1713",2020-02-21,3,2,1.6,1.71428571428571,2.6,2.53333333333333,2.71428571428571,2020,137,"February"
"1714",2020-02-22,1,1.66666666666667,2,2.57142857142857,2.7,2.53333333333333,2.66666666666667,2020,138,"February"
"1715",2020-02-23,1,1.66666666666667,3,3.14285714285714,2.7,2.73333333333333,2.66666666666667,2020,139,"February"
"1716",2020-02-24,3,3.66666666666667,3.4,3.28571428571429,2.9,2.6,2.52380952380952,2020,142,"February"
"1717",2020-02-25,7,5,3.8,3,3.1,2.6,2.57142857142857,2020,149,"February"
"1718",2020-02-26,5,5,3.8,3.28571428571429,3,2.66666666666667,2.61904761904762,2020,154,"February"
"1719",2020-02-27,3,3,3.8,3.71428571428571,3.1,2.73333333333333,2.71428571428571,2020,157,"February"
"1720",2020-02-28,1,2.33333333333333,3.2,3.57142857142857,3.2,2.86666666666667,2.71428571428571,2020,158,"February"
"1721",2020-02-29,3,2.66666666666667,2.6,2.85714285714286,3.1,2.8,2.71428571428571,2020,161,"February"
"1722",2020-03-01,4,3,2.4,2.42857142857143,2.8,3.13333333333333,2.76190476190476,2020,165,"March"
"1723",2020-03-02,2,2.66666666666667,2.6,2.28571428571429,2.5,3.2,2.76190476190476,2020,167,"March"
"1724",2020-03-03,2,2,2.4,2.71428571428571,2.8,3.06666666666667,2.85714285714286,2020,169,"March"
"1725",2020-03-04,2,2,2.4,2.57142857142857,2.9,2.73333333333333,3.0952380952381,2020,171,"March"
"1726",2020-03-05,2,2.66666666666667,2.4,2.85714285714286,2.7,2.53333333333333,3.23809523809524,2020,173,"March"
"1727",2020-03-06,4,2.66666666666667,3.2,2.85714285714286,2.5,2.66666666666667,3.33333333333333,2020,177,"March"
"1728",2020-03-07,2,4,3.2,2.71428571428571,2.5,3,3.04761904761905,2020,179,"March"
"1729",2020-03-08,6,3.33333333333333,3,2.71428571428571,2.8,3.06666666666667,2.95238095238095,2020,185,"March"
"1730",2020-03-09,2,3,2.6,2.71428571428571,3.2,3.13333333333333,2.9047619047619,2020,187,"March"
"1731",2020-03-10,1,1.66666666666667,2.6,2.85714285714286,3.4,3.06666666666667,3.04761904761905,2020,188,"March"
"1732",2020-03-11,2,1.66666666666667,2.4,3.42857142857143,3.5,3.13333333333333,3,2020,190,"March"
"1733",2020-03-12,2,3,3.2,3.14285714285714,3.4,3.13333333333333,2.85714285714286,2020,192,"March"
"1734",2020-03-13,5,4.33333333333333,3.8,3.57142857142857,3.1,3.26666666666667,2.85714285714286,2020,197,"March"
"1735",2020-03-14,6,5,4.4,3.57142857142857,3.1,3.13333333333333,2.95238095238095,2020,203,"March"
"1736",2020-03-15,4,5,4.2,3.71428571428571,3.4,3.06666666666667,2.95238095238095,2020,207,"March"
"1737",2020-03-16,5,3.33333333333333,3.8,3.71428571428571,3.4,2.8,2.95238095238095,2020,212,"March"
"1738",2020-03-17,1,3,3,3.57142857142857,3.3,2.93333333333333,2.9047619047619,2020,213,"March"
"1739",2020-03-18,3,2,3,3,3,3,2.9047619047619,2020,216,"March"
"1740",2020-03-19,2,3,2.4,2.57142857142857,2.8,3,2.66666666666667,2020,218,"March"
"1741",2020-03-20,4,2.66666666666667,2.4,2.14285714285714,2.6,3.06666666666667,2.66666666666667,2020,222,"March"
"1742",2020-03-21,2,2.33333333333333,2.2,2.57142857142857,2.3,2.86666666666667,2.80952380952381,2020,224,"March"
"1743",2020-03-22,1,1.66666666666667,2.6,2.42857142857143,2.5,2.53333333333333,2.76190476190476,2020,225,"March"
"1744",2020-03-23,2,2.33333333333333,2.2,2.42857142857143,2.4,2.4,2.9047619047619,2020,227,"March"
"1745",2020-03-24,4,2.66666666666667,2.2,2.28571428571429,2.3,2.33333333333333,2.71428571428571,2020,231,"March"
"1746",2020-03-25,2,2.66666666666667,2.6,2.28571428571429,2.1,2.33333333333333,2.61904761904762,2020,233,"March"
"1747",2020-03-26,2,2.33333333333333,2.6,2.28571428571429,2.3,2.46666666666667,2.52380952380952,2020,235,"March"
"1748",2020-03-27,3,2.33333333333333,2,2.28571428571429,2.3,2.4,2.57142857142857,2020,238,"March"
"1749",2020-03-28,2,2,2,2.28571428571429,2.6,2.4,2.61904761904762,2020,240,"March"
"1750",2020-03-29,1,1.66666666666667,2.4,2.14285714285714,2.3,2.4,2.61904761904762,2020,241,"March"
"1751",2020-03-30,2,2.33333333333333,2,2.57142857142857,2.5,2.73333333333333,2.57142857142857,2020,243,"March"
"1752",2020-03-31,4,2.33333333333333,2.6,2.28571428571429,2.5,2.73333333333333,2.61904761904762,2020,247,"March"
"1753",2020-04-01,1,3.33333333333333,2.6,2.57142857142857,2.8,2.66666666666667,2.61904761904762,2020,248,"April"
"1754",2020-04-02,5,2.33333333333333,3,2.71428571428571,2.8,2.6,2.61904761904762,2020,253,"April"
"1755",2020-04-04,1,3.33333333333333,2.6,3.28571428571429,3,2.8,2.57142857142857,2020,254,"April"
"1756",2020-04-05,4,2.33333333333333,3.6,3,2.9,2.73333333333333,2.57142857142857,2020,258,"April"
"1757",2020-04-06,2,4,3,3.28571428571429,3,2.66666666666667,2.66666666666667,2020,260,"April"
"1758",2020-04-07,6,3.33333333333333,3.4,2.71428571428571,3.1,2.66666666666667,2.61904761904762,2020,266,"April"
"1759",2020-04-08,2,3.66666666666667,2.8,3.28571428571429,2.7,2.8,2.61904761904762,2020,268,"April"
"1760",2020-04-09,3,2,3.4,3,2.7,2.8,2.61904761904762,2020,271,"April"
"1761",2020-04-10,1,3,2.6,2.85714285714286,2.7,2.8,2.66666666666667,2020,272,"April"
"1762",2020-04-11,5,2.66666666666667,2.4,2.14285714285714,2.9,2.66666666666667,2.76190476190476,2020,277,"April"
"1763",2020-04-12,2,2.66666666666667,2,2.42857142857143,2.4,2.73333333333333,2.66666666666667,2020,279,"April"
"1764",2020-04-13,1,1.33333333333333,2.6,2.57142857142857,2.5,2.6,2.9047619047619,2020,280,"April"
"1765",2020-04-14,1,2,2.4,2.57142857142857,2.4,2.73333333333333,2.71428571428571,2020,281,"April"
"1766",2020-04-15,4,3,2.2,2.28571428571429,2.5,2.46666666666667,2.76190476190476,2020,285,"April"
"1767",2020-04-16,4,3,2.6,2.28571428571429,2.4,2.73333333333333,2.66666666666667,2020,289,"April"
"1768",2020-04-17,1,2.66666666666667,2.8,2.42857142857143,2.4,2.6,2.71428571428571,2020,290,"April"
"1769",2020-04-18,3,2,2.4,2.85714285714286,2.9,2.66666666666667,2.57142857142857,2020,293,"April"
"1770",2020-04-19,2,2.33333333333333,2.4,2.57142857142857,2.9,2.46666666666667,2.57142857142857,2020,295,"April"
"1771",2020-04-21,2,2.66666666666667,2.6,2.85714285714286,2.7,2.53333333333333,2.71428571428571,2020,297,"April"
"1772",2020-04-22,4,2.66666666666667,3.2,2.85714285714286,2.5,2.66666666666667,3.04761904761905,2020,301,"April"
"1773",2020-04-23,2,4,3,2.71428571428571,2.7,2.73333333333333,2.9047619047619,2020,303,"April"
"1774",2020-04-24,6,3,3,2.71428571428571,2.7,2.86666666666667,3.0952380952381,2020,309,"April"
"1775",2020-04-25,1,3,2.6,2.85714285714286,2.7,3.13333333333333,3.23809523809524,2020,310,"April"
"1776",2020-04-26,2,1.66666666666667,2.8,2.71428571428571,3.1,3.2,3.38095238095238,2020,312,"April"
"1777",2020-04-27,2,2.33333333333333,2.2,2.71428571428571,3.5,3.4,3.28571428571429,2020,314,"April"
"1778",2020-04-28,3,2.66666666666667,2.4,2.71428571428571,3.5,3.53333333333333,3.42857142857143,2020,317,"April"
"1779",2020-04-29,3,2.66666666666667,3.2,3.71428571428571,3.5,3.66666666666667,3.42857142857143,2020,320,"April"
"1780",2020-04-30,2,3.66666666666667,4.4,3.71428571428571,3.8,3.53333333333333,3.33333333333333,2020,322,"April"
"1781",2020-05-01,6,5.33333333333333,4.2,4.28571428571429,4,3.86666666666667,3.28571428571429,2020,328,"May"
"1782",2020-05-03,8,5.33333333333333,4.8,4.42857142857143,4,3.53333333333333,3.42857142857143,2020,336,"May"
"1783",2020-05-04,2,5.33333333333333,5.2,4.57142857142857,4.4,3.53333333333333,3.38095238095238,2020,338,"May"
"1784",2020-05-05,6,4,4.8,4.57142857142857,4.2,3.46666666666667,3.42857142857143,2020,344,"May"
"1785",2020-05-06,4,4.66666666666667,3.6,4.71428571428571,4.1,3.66666666666667,3.28571428571429,2020,348,"May"
"1786",2020-05-07,4,3.33333333333333,4.6,3.71428571428571,3.6,3.66666666666667,3.33333333333333,2020,352,"May"
"1787",2020-05-08,2,4.33333333333333,3.6,3.57142857142857,3.3,3.66666666666667,3.47619047619048,2020,354,"May"
"1788",2020-05-09,7,3.33333333333333,3,2.85714285714286,3.4,3.73333333333333,3.47619047619048,2020,361,"May"
"1789",2020-05-10,1,3,2.4,3,3.1,3.46666666666667,3.42857142857143,2020,362,"May"
"1790",2020-05-12,1,1,3,2.85714285714286,3,3.26666666666667,3.47619047619048,2020,363,"May"
"1791",2020-05-13,1,2.33333333333333,2.2,3,2.8,3.26666666666667,3.47619047619048,2020,364,"May"
"1792",2020-05-14,5,3,2.6,2.42857142857143,3.1,3,3.42857142857143,2020,369,"May"
"1793",2020-05-15,3,3.66666666666667,3,2.57142857142857,2.6,3,3.42857142857143,2020,372,"May"
"1794",2020-05-16,3,3,3.2,3.14285714285714,2.7,2.86666666666667,3.66666666666667,2020,375,"May"
"1795",2020-05-17,3,2.66666666666667,3.2,3.28571428571429,3,3.06666666666667,3.57142857142857,2020,378,"May"
"1796",2020-05-18,2,3.33333333333333,3,2.85714285714286,3.1,3.13333333333333,3.66666666666667,2020,380,"May"
"1797",2020-05-19,5,3,2.8,3,3.1,3.53333333333333,3.52380952380952,2020,385,"May"
"1798",2020-05-20,2,3,3,2.85714285714286,3.6,3.73333333333333,3.52380952380952,2020,387,"May"
"1799",2020-05-21,2,2.66666666666667,3,3.14285714285714,4,4.06666666666667,3.33333333333333,2020,389,"May"
"1800",2020-05-23,4,2.66666666666667,3,4,4.1,3.8,3.42857142857143,2020,393,"May"
"1801",2020-05-24,2,3.66666666666667,4.2,4.28571428571429,4.5,3.73333333333333,3.57142857142857,2020,395,"May"
"1802",2020-05-25,5,5,5.2,4.57142857142857,4.1,3.73333333333333,3.61904761904762,2020,400,"May"
"1803",2020-05-26,8,6.66666666666667,5.2,5.14285714285714,4.1,3.73333333333333,3.52380952380952,2020,408,"May"
"1804",2020-05-27,7,6.33333333333333,6,4.71428571428571,4.2,3.86666666666667,3.52380952380952,2020,415,"May"
"1805",2020-05-28,4,5.66666666666667,5.2,4.71428571428571,4.1,3.66666666666667,3.42857142857143,2020,419,"May"
"1806",2020-05-29,6,3.66666666666667,4,4.42857142857143,4.3,3.73333333333333,3.42857142857143,2020,425,"May"
"1807",2020-05-30,1,3,3.2,3.71428571428571,4,3.8,3.42857142857143,2020,426,"May"
"1808",2020-05-31,2,2,3,3.28571428571429,3.5,3.6,3.33333333333333,2020,428,"May"
"1809",2020-06-01,3,2.66666666666667,2.6,3,3.1,3.66666666666667,3.33333333333333,2020,431,"June"
"1810",2020-06-02,3,3.33333333333333,2.8,2.57142857142857,2.8,3.46666666666667,3.42857142857143,2020,434,"June"
"1811",2020-06-03,4,3,3,2.85714285714286,2.5,3.13333333333333,3.28571428571429,2020,438,"June"
"1812",2020-06-05,2,3,3,2.71428571428571,2.6,2.8,3.28571428571429,2020,440,"June"
"1813",2020-06-06,3,2.66666666666667,2.6,2.71428571428571,2.7,2.8,3.19047619047619,2020,443,"June"
"1814",2020-06-07,3,2.33333333333333,2.4,2.57142857142857,2.6,2.46666666666667,3,2020,446,"June"
"1815",2020-06-08,1,2.33333333333333,2.4,2.42857142857143,2.7,2.53333333333333,2.76190476190476,2020,447,"June"
"1816",2020-06-09,3,2,2.4,2.42857142857143,2.4,2.6,2.61904761904762,2020,450,"June"
"1817",2020-06-10,2,2.66666666666667,2.2,2.57142857142857,2.4,2.66666666666667,2.38095238095238,2020,452,"June"
"1818",2020-06-11,3,2.33333333333333,2.8,2.28571428571429,2.4,2.6,2.52380952380952,2020,455,"June"
"1819",2020-06-12,2,3,2.4,2.42857142857143,2.5,2.4,2.57142857142857,2020,457,"June"
"1820",2020-06-13,4,2.33333333333333,2.4,2.42857142857143,2.6,2.33333333333333,2.47619047619048,2020,461,"June"
"1821",2020-06-15,1,2.33333333333333,2.4,2.71428571428571,2.4,2.4,2.52380952380952,2020,462,"June"
"1822",2020-06-16,2,2,2.8,2.57142857142857,2.3,2.4,2.47619047619048,2020,464,"June"
"1823",2020-06-17,3,3,2.4,2.42857142857143,2.4,2.4,2.66666666666667,2020,467,"June"
"1824",2020-06-18,4,3,2.4,2,2.5,2.46666666666667,2.57142857142857,2020,471,"June"
"1825",2020-06-19,2,2.33333333333333,2.2,2.42857142857143,2.2,2.53333333333333,2.61904761904762,2020,473,"June"
"1826",2020-06-20,1,1.33333333333333,2.4,2.57142857142857,2.5,2.73333333333333,2.66666666666667,2020,474,"June"
"1827",2020-06-21,1,2,2.2,2.28571428571429,2.6,2.66666666666667,2.57142857142857,2020,475,"June"
"1828",2020-06-22,4,2.66666666666667,2,2.28571428571429,2.9,2.66666666666667,2.57142857142857,2020,479,"June"
"1829",2020-06-23,3,2.66666666666667,2.6,2.42857142857143,2.6,2.73333333333333,2.47619047619048,2020,482,"June"
"1830",2020-06-24,1,2.66666666666667,3,3.14285714285714,2.8,2.66666666666667,2.47619047619048,2020,483,"June"
"1831",2020-06-25,4,2.66666666666667,3.4,3.14285714285714,2.9,2.6,2.42857142857143,2020,487,"June"
"1832",2020-06-26,3,4.33333333333333,3,3.14285714285714,2.9,2.4,2.47619047619048,2020,490,"June"
"1833",2020-06-27,6,3.33333333333333,3.6,3,2.7,2.4,2.52380952380952,2020,496,"June"
"1834",2020-06-28,1,3.66666666666667,3.2,3,2.5,2.53333333333333,2.47619047619048,2020,497,"June"
"1835",2020-06-29,4,2.33333333333333,2.8,2.71428571428571,2.6,2.6,2.33333333333333,2020,501,"June"
"1836",2020-06-30,2,2.33333333333333,2,2.42857142857143,2.5,2.53333333333333,2.38095238095238,2020,503,"June"
"1837",2020-07-01,1,1.66666666666667,2,1.85714285714286,2.4,2.46666666666667,2.42857142857143,2020,504,"July"
"1838",2020-07-02,2,1.33333333333333,1.6,2.14285714285714,2.1,2.46666666666667,2.52380952380952,2020,506,"July"
"1839",2020-07-03,1,1.66666666666667,1.8,1.85714285714286,2.2,2.4,2.42857142857143,2020,507,"July"
"1840",2020-07-04,2,2,2,2,1.9,2.33333333333333,2.52380952380952,2020,509,"July"
"1841",2020-07-05,3,2.33333333333333,2.2,2.14285714285714,2,2.13333333333333,2.57142857142857,2020,512,"July"
"1842",2020-07-06,2,2.66666666666667,2.4,2,2.1,2.2,2.52380952380952,2020,514,"July"
"1843",2020-07-07,3,2.33333333333333,2.2,2.28571428571429,2.2,2.26666666666667,2.47619047619048,2020,517,"July"
"1844",2020-07-08,2,2,2.2,2.28571428571429,2.3,2.26666666666667,2.23809523809524,2020,519,"July"
"1845",2020-07-09,1,2,2.2,2.28571428571429,2.6,2.4,2.23809523809524,2020,520,"July"
"1846",2020-07-10,3,2,2.2,2.28571428571429,2.5,2.4,2.14285714285714,2020,523,"July"
"1847",2020-07-11,2,2.66666666666667,2.2,2.57142857142857,2.6,2.4,2.14285714285714,2020,525,"July"
"1848",2020-07-12,3,2.33333333333333,3,2.57142857142857,2.5,2.33333333333333,2.19047619047619,2020,528,"July"
"1849",2020-07-13,2,3.33333333333333,2.8,2.85714285714286,2.4,2.26666666666667,2.14285714285714,2020,530,"July"
"1850",2020-07-14,5,3,3,2.71428571428571,2.4,2.26666666666667,2.23809523809524,2020,535,"July"
"1851",2020-07-15,2,3.33333333333333,2.8,2.57142857142857,2.3,2.2,2.23809523809524,2020,537,"July"
"1852",2020-07-16,3,2.33333333333333,2.6,2.28571428571429,2.3,2.13333333333333,2.14285714285714,2020,540,"July"
"1853",2020-07-17,2,2,1.8,2.28571428571429,2.2,2.26666666666667,2.0952380952381,2020,542,"July"
"1854",2020-07-18,1,1.33333333333333,1.8,1.85714285714286,2.1,2.2,2.04761904761905,2020,543,"July"
"1855",2020-07-19,1,1.33333333333333,1.6,1.85714285714286,1.9,2.13333333333333,2.14285714285714,2020,544,"July"
"1856",2020-07-20,2,1.66666666666667,1.6,1.57142857142857,1.9,2,2.23809523809524,2020,546,"July"
"1857",2020-07-21,2,2,1.6,1.71428571428571,1.7,2,2.14285714285714,2020,548,"July"
"1858",2020-07-22,2,1.66666666666667,2,1.85714285714286,1.6,1.93333333333333,2.0952380952381,2020,550,"July"
"1859",2020-07-23,1,2,2,1.85714285714286,1.7,2,2.0952380952381,2020,551,"July"
"1860",2020-07-24,3,2,1.8,1.71428571428571,2,1.86666666666667,2.04761904761905,2020,554,"July"
"1861",2020-07-25,2,2,1.6,1.71428571428571,2.1,1.8,2.04761904761905,2020,556,"July"
"1862",2020-07-26,1,1.33333333333333,1.8,2,2,1.93333333333333,2,2020,557,"July"
"1863",2020-07-27,1,1.33333333333333,2,2.28571428571429,1.9,1.93333333333333,2,2020,558,"July"
"1864",2020-07-28,2,2.33333333333333,2.2,2,2.1,2.13333333333333,2.19047619047619,2020,560,"July"
"1865",2020-07-29,4,3,2.2,1.85714285714286,1.9,2.06666666666667,2.38095238095238,2020,564,"July"
"1866",2020-07-30,3,2.66666666666667,2.2,2.14285714285714,2.2,2.13333333333333,2.47619047619048,2020,567,"July"
"1867",2020-07-31,1,1.66666666666667,2.4,2.14285714285714,2.2,2.46666666666667,2.61904761904762,2020,568,"July"
"1868",2020-08-01,1,1.66666666666667,1.8,2.57142857142857,2.4,2.6,2.61904761904762,2020,569,"August"
"1869",2020-08-02,3,1.66666666666667,2.2,2.14285714285714,2.8,2.66666666666667,2.57142857142857,2020,572,"August"
"1870",2020-08-03,1,3,2.2,2.14285714285714,2.9,2.93333333333333,2.57142857142857,2020,573,"August"
"1871",2020-08-04,5,2.33333333333333,2.6,2.85714285714286,2.9,3,2.66666666666667,2020,578,"August"
"1872",2020-08-05,1,3,3.2,3.42857142857143,3.3,2.93333333333333,2.76190476190476,2020,579,"August"
"1873",2020-08-06,3,3.33333333333333,4,3.42857142857143,3.4,2.73333333333333,2.9047619047619,2020,582,"August"
"1874",2020-08-07,6,4.66666666666667,3.6,4,3.2,2.86666666666667,3,2020,588,"August"
"1875",2020-08-08,5,4.66666666666667,4.4,3.57142857142857,3.2,3.06666666666667,3.04761904761905,2020,593,"August"
"1876",2020-08-09,3,4.33333333333333,4.2,3.57142857142857,3.2,3.26666666666667,2.95238095238095,2020,596,"August"
"1877",2020-08-10,5,3.33333333333333,3.2,3.28571428571429,3.5,3.26666666666667,2.95238095238095,2020,601,"August"
"1878",2020-08-11,2,2.66666666666667,2.4,3.14285714285714,3.6,3.4,3,2020,603,"August"
"1879",2020-08-12,1,1.33333333333333,2.8,3,3.3,3.2,3,2020,604,"August"
"1880",2020-08-13,1,2.33333333333333,2.6,3.14285714285714,3.1,3.33333333333333,2.9047619047619,2020,605,"August"
"1881",2020-08-15,5,3.33333333333333,3,2.85714285714286,3,3.26666666666667,3.04761904761905,2020,610,"August"
"1882",2020-08-16,4,4.33333333333333,3.4,3,2.8,2.93333333333333,2.95238095238095,2020,614,"August"
"1883",2020-08-17,4,3.66666666666667,3.8,3.14285714285714,2.8,2.66666666666667,2.95238095238095,2020,618,"August"
"1884",2020-08-18,3,3.33333333333333,3.2,3.42857142857143,2.8,2.73333333333333,2.85714285714286,2020,621,"August"
"1885",2020-08-19,3,2.66666666666667,3,3,2.8,2.6,2.76190476190476,2020,624,"August"
"1886",2020-08-20,2,2.66666666666667,2.6,2.57142857142857,2.7,2.53333333333333,2.57142857142857,2020,626,"August"
"1887",2020-08-21,3,2.33333333333333,2.2,2.14285714285714,2.6,2.53333333333333,2.61904761904762,2020,629,"August"
"1888",2020-08-22,2,2,1.8,2.28571428571429,2.3,2.73333333333333,2.42857142857143,2020,631,"August"
"1889",2020-08-23,1,1.33333333333333,2.2,2.28571428571429,2.1,2.46666666666667,2.38095238095238,2020,632,"August"
"1890",2020-08-24,1,2,2.2,2.14285714285714,2.2,2.46666666666667,2.47619047619048,2020,633,"August"
"1891",2020-08-25,4,2.66666666666667,2,1.85714285714286,2.1,2.26666666666667,2.52380952380952,2020,637,"August"
"1892",2020-08-26,3,2.66666666666667,2,2.14285714285714,2.2,2.13333333333333,2.42857142857143,2020,640,"August"
"1893",2020-08-27,1,1.66666666666667,2.6,2.14285714285714,2.1,2.13333333333333,2.38095238095238,2020,641,"August"
"1894",2020-08-28,1,2,2,2.57142857142857,2.1,2.13333333333333,2.23809523809524,2020,642,"August"
"1895",2020-08-29,4,2,2.2,2.14285714285714,2.3,2.13333333333333,2.19047619047619,2020,646,"August"
"1896",2020-08-30,1,3,2.2,1.85714285714286,2.1,2.2,2.14285714285714,2020,647,"August"
"1897",2020-08-31,4,2,2.2,2.14285714285714,2.1,2.2,2.23809523809524,2020,651,"August"
"1898",2020-09-01,1,2,2,2.28571428571429,2.3,2.26666666666667,2.14285714285714,2020,652,"September"
"1899",2020-09-02,1,1.66666666666667,2.2,2.14285714285714,2.3,2.13333333333333,2.0952380952381,2020,653,"September"
"1900",2020-09-03,3,2,2,2.42857142857143,2.1,2.2,2.0952380952381,2020,656,"September"
"1901",2020-09-04,2,2.66666666666667,2.4,2,2.2,2.2,2.14285714285714,2020,658,"September"
"1902",2020-09-05,3,2.66666666666667,2.4,2.14285714285714,2.2,2.2,2,2020,661,"September"
"1903",2020-09-06,3,2.33333333333333,2.2,2.28571428571429,2.2,2,2.14285714285714,2020,664,"September"
"1904",2020-09-07,1,2,2.2,2.42857142857143,2.2,2.06666666666667,2.23809523809524,2020,665,"September"
"1905",2020-09-08,2,1.66666666666667,2.4,2.28571428571429,2,1.86666666666667,2.23809523809524,2020,667,"September"
"1906",2020-09-09,2,2.66666666666667,2,2,2,2.2,2.19047619047619,2020,669,"September"
"1907",2020-09-10,4,2.33333333333333,2,1.71428571428571,1.8,2.33333333333333,2.23809523809524,2020,673,"September"
"1908",2020-09-11,1,2,1.8,1.85714285714286,2.1,2.2,2.0952380952381,2020,674,"September"
"1909",2020-09-12,1,1,1.8,1.71428571428571,2.3,2.26666666666667,2.28571428571429,2020,675,"September"
"1910",2020-09-13,1,1.33333333333333,1.2,2.28571428571429,2.2,2.2,2.28571428571429,2020,676,"September"
"1911",2020-09-15,2,1.33333333333333,2.2,2.14285714285714,2.3,2.06666666666667,2.19047619047619,2020,678,"September"
"1912",2020-09-17,1,3,2.6,2.14285714285714,2.1,2.33333333333333,2.14285714285714,2020,679,"September"
"1913",2020-09-18,6,3.33333333333333,2.6,2.42857142857143,2.1,2.26666666666667,2.04761904761905,2020,685,"September"
"1914",2020-09-19,3,3.33333333333333,2.8,2.57142857142857,2.5,2.2,2,2020,688,"September"
"1915",2020-09-20,1,2.33333333333333,3,2.42857142857143,2.5,2,2.19047619047619,2020,689,"September"
"1916",2020-09-21,3,2,2,3,2.4,2,2.19047619047619,2020,692,"September"
"1917",2020-09-22,2,2,2.4,2.28571428571429,2.4,2.06666666666667,2.28571428571429,2020,694,"September"
"1918",2020-09-23,1,2.66666666666667,2.4,2,1.9,2.33333333333333,2.14285714285714,2020,695,"September"
"1919",2020-09-24,5,2.33333333333333,2,2,1.8,2.33333333333333,2.28571428571429,2020,700,"September"
"1920",2020-09-25,1,2.33333333333333,1.8,1.71428571428571,2.2,2.53333333333333,2.42857142857143,2020,701,"September"
"1921",2020-09-27,1,1,1.8,1.71428571428571,2.1,2.2,2.57142857142857,2020,702,"September"
"1922",2020-09-28,1,1,1.2,2.28571428571429,2.3,2.26666666666667,2.52380952380952,2020,703,"September"
"1923",2020-09-29,1,1.33333333333333,2,1.85714285714286,2.3,2.46666666666667,2.61904761904762,2020,704,"September"
"1924",2020-09-30,2,2.66666666666667,2.2,2.28571428571429,2.2,2.53333333333333,2.42857142857143,2020,706,"September"
"1925",2020-10-02,5,3,2.8,2.28571428571429,2.5,2.46666666666667,2.52380952380952,2020,711,"October"
"1926",2020-10-03,2,3.66666666666667,2.8,2.71428571428571,2.8,2.6,2.57142857142857,2020,713,"October"
"1927",2020-10-04,4,2.33333333333333,3.2,3.14285714285714,2.8,2.4,2.61904761904762,2020,717,"October"
"1928",2020-10-05,1,3,3,3.42857142857143,3,2.66666666666667,2.71428571428571,2020,718,"October"
"1929",2020-10-06,4,3,3.4,2.85714285714286,3,2.73333333333333,2.80952380952381,2020,722,"October"
"1930",2020-10-08,4,4,2.8,3,3,2.93333333333333,2.76190476190476,2020,726,"October"
"1931",2020-10-09,4,3,3.2,2.71428571428571,3,3.13333333333333,3,2020,730,"October"
"1932",2020-10-10,1,2.66666666666667,2.8,3.28571428571429,3,3.2,3.04761904761905,2020,731,"October"
"1933",2020-10-12,3,2,3,3,3.3,3.13333333333333,3.23809523809524,2020,734,"October"
"1934",2020-10-13,2,3.33333333333333,2.6,3,3.2,3.4,3.38095238095238,2020,736,"October"
"1935",2020-10-14,5,3,3.2,3,3.2,3.26666666666667,3.42857142857143,2020,741,"October"
"1936",2020-10-15,2,3.66666666666667,3.4,3.28571428571429,3.4,3.53333333333333,3.23809523809524,2020,743,"October"
"1937",2020-10-16,4,3.33333333333333,3.6,3.42857142857143,3.5,3.53333333333333,3.28571428571429,2020,747,"October"
"1938",2020-10-17,4,3.66666666666667,3.4,4,3.7,3.46666666666667,3.28571428571429,2020,751,"October"
"1939",2020-10-18,3,3.66666666666667,4.2,3.57142857142857,3.9,3.26666666666667,3.38095238095238,2020,754,"October"
"1940",2020-10-19,4,4.33333333333333,3.8,4,3.7,3.4,3.28571428571429,2020,758,"October"
"1941",2020-10-20,6,4,4,4,3.6,3.46666666666667,3.23809523809524,2020,764,"October"
"1942",2020-10-21,2,4.33333333333333,4.2,3.85714285714286,3.5,3.53333333333333,3.14285714285714,2020,766,"October"
"1943",2020-10-22,5,3.66666666666667,4,3.57142857142857,3.5,3.33333333333333,3.28571428571429,2020,771,"October"
"1944",2020-10-23,4,4,3,3.42857142857143,3.5,3.4,3.28571428571429,2020,775,"October"
"1945",2020-10-24,3,2.66666666666667,3.2,3.14285714285714,3.3,3.26666666666667,3.42857142857143,2020,778,"October"
"1946",2020-10-25,1,2.33333333333333,3,3.28571428571429,3,3.26666666666667,3.47619047619048,2020,779,"October"
"1947",2020-10-26,3,2.66666666666667,2.8,2.85714285714286,3,3.26666666666667,3.57142857142857,2020,782,"October"
"1948",2020-10-27,4,3.33333333333333,2.6,2.71428571428571,2.9,3.33333333333333,3.42857142857143,2020,786,"October"
"1949",2020-10-28,3,3,3,2.57142857142857,2.8,3.33333333333333,3.38095238095238,2020,789,"October"
"1950",2020-10-29,2,2.66666666666667,2.8,3,3,3.46666666666667,3.38095238095238,2020,791,"October"
"1951",2020-10-30,3,2.33333333333333,2.8,3,3.5,3.2,3.33333333333333,2020,794,"October"
"1952",2020-10-31,2,3,2.8,3.14285714285714,3.6,3.13333333333333,3.23809523809524,2020,796,"October"
"1953",2020-11-01,4,3,3.4,3.57142857142857,3.3,3.13333333333333,3.28571428571429,2020,800,"November"
"1954",2020-11-02,3,4,4,3.85714285714286,3.3,3.26666666666667,3.0952380952381,2020,803,"November"
"1955",2020-11-03,5,4.66666666666667,4.4,3.57142857142857,3.4,3.33333333333333,3.19047619047619,2020,808,"November"
"1956",2020-11-04,6,5,3.8,3.71428571428571,3.4,3.26666666666667,3.19047619047619,2020,814,"November"
"1957",2020-11-05,4,3.66666666666667,3.8,3.57142857142857,3.6,3.13333333333333,3.23809523809524,2020,818,"November"
"1958",2020-11-06,1,2.66666666666667,3.4,3.57142857142857,3.5,3.4,3.19047619047619,2020,819,"November"
"1959",2020-11-07,3,2.33333333333333,2.8,3.42857142857143,3.3,3.4,3.28571428571429,2020,822,"November"
"1960",2020-11-08,3,3,2.8,3,3.4,3.4,3.19047619047619,2020,825,"November"
"1961",2020-11-09,3,3.33333333333333,3.2,2.57142857142857,3.1,3.26666666666667,3.28571428571429,2020,828,"November"
"1962",2020-11-10,4,3.33333333333333,2.8,3.28571428571429,2.9,3.46666666666667,3.28571428571429,2020,832,"November"
"1963",2020-11-11,3,2.66666666666667,3.4,3.28571428571429,3,3.2,3.33333333333333,2020,835,"November"
"1964",2020-11-12,1,3.33333333333333,3.4,3.14285714285714,3.3,3.06666666666667,3.28571428571429,2020,836,"November"
"1965",2020-11-13,6,3.33333333333333,3,3,3.1,3,3.19047619047619,2020,842,"November"
"1966",2020-11-14,3,3.66666666666667,2.8,3.28571428571429,3.2,3.13333333333333,3.04761904761905,2020,845,"November"
"1967",2020-11-15,2,2.33333333333333,3.8,3,3.1,3.13333333333333,2.80952380952381,2020,847,"November"
"1968",2020-11-16,2,3.33333333333333,2.8,3.42857142857143,3.1,3,2.71428571428571,2020,849,"November"
"1969",2020-11-17,6,3,3,3,3.3,2.93333333333333,2.76190476190476,2020,855,"November"
"1970",2020-11-18,1,3.66666666666667,3.2,3,2.8,2.73333333333333,2.71428571428571,2020,856,"November"
"1971",2020-11-19,4,2.66666666666667,3.4,3.14285714285714,2.7,2.66666666666667,2.71428571428571,2020,860,"November"
"1972",2020-11-20,3,3.33333333333333,2.8,3,2.6,2.73333333333333,2.71428571428571,2020,863,"November"
"1973",2020-11-21,3,3,2.8,2.42857142857143,2.6,2.46666666666667,2.61904761904762,2020,866,"November"
"1974",2020-11-22,3,2.33333333333333,2.4,2.42857142857143,2.2,2.46666666666667,2.57142857142857,2020,869,"November"
"1975",2020-11-23,1,2,2,2.14285714285714,2.3,2.53333333333333,2.71428571428571,2020,870,"November"
"1976",2020-11-24,2,1.33333333333333,1.8,2,2.2,2.53333333333333,2.52380952380952,2020,872,"November"
"1977",2020-11-25,1,1.66666666666667,1.6,1.85714285714286,2.2,2.26666666666667,2.52380952380952,2020,873,"November"
"1978",2020-11-26,2,1.66666666666667,1.8,1.85714285714286,2.1,2.46666666666667,2.52380952380952,2020,875,"November"
"1979",2020-11-27,2,2,2,2.14285714285714,2,2.33333333333333,2.57142857142857,2020,877,"November"
"1980",2020-11-29,2,2.33333333333333,2.4,2.14285714285714,2.3,2.33333333333333,2.42857142857143,2020,879,"November"
"1981",2020-11-30,3,2.66666666666667,2.4,2.28571428571429,2.3,2.26666666666667,2.71428571428571,2020,882,"November"
"1982",2020-12-01,3,2.66666666666667,2.4,2.57142857142857,2.5,2.26666666666667,2.71428571428571,2020,885,"December"
"1983",2020-12-02,2,2.33333333333333,2.8,2.57142857142857,2.5,2.4,2.76190476190476,2020,887,"December"
"1984",2020-12-03,2,2.66666666666667,2.6,2.71428571428571,2.6,2.73333333333333,2.71428571428571,2020,889,"December"
"1985",2020-12-04,4,2.66666666666667,2.6,2.57142857142857,2.7,2.93333333333333,2.61904761904762,2020,893,"December"
"1986",2020-12-05,2,3,2.6,2.57142857142857,3.1,3.06666666666667,2.66666666666667,2020,895,"December"
"1987",2020-12-06,3,2.33333333333333,2.8,2.71428571428571,3.2,3.06666666666667,2.76190476190476,2020,898,"December"
"1988",2020-12-07,2,2.66666666666667,2.6,3.42857142857143,3.4,3,2.9047619047619,2020,900,"December"
"1989",2020-12-08,3,2.66666666666667,3.6,3.42857142857143,3.4,2.93333333333333,2.85714285714286,2020,903,"December"
"1990",2020-12-09,3,4.33333333333333,3.8,3.71428571428571,3.1,3,2.80952380952381,2020,906,"December"
"1991",2020-12-10,7,4.66666666666667,4.2,3.57142857142857,3.1,3.13333333333333,2.76190476190476,2020,913,"December"
"1992",2020-12-11,4,5,4,3.42857142857143,3.2,3.06666666666667,2.71428571428571,2020,917,"December"
"1993",2020-12-13,4,3.33333333333333,3.6,3.28571428571429,3.4,2.86666666666667,2.66666666666667,2020,921,"December"
"1994",2020-12-14,2,2.33333333333333,2.6,3.42857142857143,3.2,2.8,2.66666666666667,2020,923,"December"
"1995",2020-12-15,1,1.66666666666667,2.6,3,3,2.73333333333333,2.71428571428571,2020,924,"December"
"1996",2020-12-16,2,2.33333333333333,2.6,2.57142857142857,2.4,2.73333333333333,2.57142857142857,2020,926,"December"
"1997",2020-12-17,4,3.33333333333333,2.4,2.14285714285714,2.2,2.66666666666667,2.52380952380952,2020,930,"December"
"1998",2020-12-18,4,3,2.4,2,2,2.66666666666667,2.71428571428571,2020,934,"December"
"1999",2020-12-19,1,2,2.2,2.14285714285714,2,2.26666666666667,2.85714285714286,2020,935,"December"
"2000",2020-12-20,1,1,1.8,2.14285714285714,2.2,2.06666666666667,2.95238095238095,2020,936,"December"
"2001",2020-12-21,1,1.33333333333333,1.4,1.85714285714286,2.1,2.26666666666667,2.9047619047619,2020,937,"December"
"2002",2020-12-22,2,1.66666666666667,1.6,1.71428571428571,1.8,2.46666666666667,2.71428571428571,2020,939,"December"
"2003",2020-12-23,2,2,2,1.71428571428571,2.1,2.73333333333333,2.61904761904762,2020,941,"December"
"2004",2020-12-24,2,2.33333333333333,2,1.71428571428571,2.5,2.73333333333333,2.57142857142857,2020,943,"December"
"2005",2020-12-25,3,2,1.8,2.57142857142857,2.9,2.66666666666667,2.52380952380952,2020,946,"December"
"2006",2020-12-26,1,1.66666666666667,2.8,3,3,2.53333333333333,2.71428571428571,2020,947,"December"
"2007",2020-12-27,1,3,3.4,3.42857142857143,3.1,2.66666666666667,2.76190476190476,2020,948,"December"
"2008",2020-12-28,7,4.33333333333333,3.8,3.42857142857143,3.1,2.66666666666667,2.61904761904762,2020,955,"December"
"2009",2020-12-29,5,5.66666666666667,4,3.42857142857143,3.2,2.93333333333333,2.57142857142857,2020,960,"December"
"2010",2020-12-30,5,4,4.4,3.57142857142857,3,3,2.71428571428571,2020,965,"December"
"2011",2020-12-31,2,3.33333333333333,3.4,3.85714285714286,3.4,2.93333333333333,2.9047619047619,2020,967,"December"
"2012",2021-01-01,3,2.33333333333333,3,3,3.6,3,3,2021,3,"January"
"2013",2021-01-02,2,2.66666666666667,2.2,3,3,3.06666666666667,3.04761904761905,2021,5,"January"
"2014",2021-01-03,3,2,2.8,2.71428571428571,2.8,3.33333333333333,3.04761904761905,2021,8,"January"
"2015",2021-01-04,1,3,2.8,2.57142857142857,2.7,3.46666666666667,3.04761904761905,2021,9,"January"
"2016",2021-01-05,5,3,2.6,2.57142857142857,3,3.2,3.04761904761905,2021,14,"January"
"2017",2021-01-06,3,3,2.6,2.85714285714286,3,3,3.04761904761905,2021,17,"January"
"2018",2021-01-07,1,2.33333333333333,3.2,3.14285714285714,3.1,2.8,3.0952380952381,2021,18,"January"
"2019",2021-01-08,3,2.66666666666667,3.2,3.42857142857143,3,2.86666666666667,2.9047619047619,2021,21,"January"
"2020",2021-01-09,4,4,3.2,3.14285714285714,3.1,2.73333333333333,2.76190476190476,2021,25,"January"
"2021",2021-01-10,5,4,3.6,3,2.9,2.73333333333333,2.66666666666667,2021,30,"January"
"2022",2021-01-11,3,3.66666666666667,3.4,3.14285714285714,2.7,2.73333333333333,2.71428571428571,2021,33,"January"
"2023",2021-01-12,3,2.66666666666667,3,3.14285714285714,2.8,2.8,2.66666666666667,2021,36,"January"
"2024",2021-01-13,2,2.33333333333333,2.6,2.71428571428571,2.8,2.66666666666667,2.61904761904762,2021,38,"January"
"2025",2021-01-14,2,2.33333333333333,2.2,2.28571428571429,2.6,2.66666666666667,2.61904761904762,2021,40,"January"
"2026",2021-01-15,3,2,2,2.28571428571429,2.4,2.73333333333333,2.66666666666667,2021,43,"January"
"2027",2021-01-16,1,2,2.2,2.14285714285714,2.4,2.6,2.52380952380952,2021,44,"January"
"2028",2021-01-17,2,2,2.2,2.28571428571429,2.3,2.53333333333333,2.42857142857143,2021,46,"January"
"2029",2021-01-18,3,2.33333333333333,2.2,2.42857142857143,2.2,2.33333333333333,2.57142857142857,2021,49,"January"
"2030",2021-01-19,2,2.66666666666667,2.6,2.28571428571429,2.3,2.26666666666667,2.57142857142857,2021,51,"January"
"2031",2021-01-20,3,2.66666666666667,2.6,2.28571428571429,2.2,2.13333333333333,2.47619047619048,2021,54,"January"
"2032",2021-01-21,3,2.66666666666667,2.2,2.42857142857143,2.3,2.26666666666667,2.38095238095238,2021,57,"January"
"2033",2021-01-24,2,2,2.4,2.28571428571429,2.2,2.33333333333333,2.57142857142857,2021,59,"January"
"2034",2021-01-25,1,2,2.2,2.28571428571429,2.3,2.26666666666667,2.57142857142857,2021,60,"January"
"2035",2021-01-26,3,2,2,2,2.4,2.4,2.76190476190476,2021,63,"January"
"2036",2021-01-27,2,2.33333333333333,1.8,2.14285714285714,2.3,2.73333333333333,2.80952380952381,2021,65,"January"
"2037",2021-01-29,2,1.66666666666667,2.4,2.28571428571429,2.3,2.73333333333333,2.80952380952381,2021,67,"January"
"2038",2021-01-30,1,2.33333333333333,2.4,2.42857142857143,2.8,3,2.85714285714286,2021,68,"January"
"2039",2021-01-31,4,2.66666666666667,2.4,2.42857142857143,3,3,2.85714285714286,2021,72,"January"
"2040",2021-02-01,3,3,2.6,3.14285714285714,3.3,3,3.04761904761905,2021,75,"February"
"2041",2021-02-02,2,2.66666666666667,3.8,3.28571428571429,3.4,3,3,2021,77,"February"
"2042",2021-02-03,3,4,3.6,4,3.5,3.06666666666667,2.95238095238095,2021,80,"February"
"2043",2021-02-04,7,4.33333333333333,4.2,3.85714285714286,3.6,3.33333333333333,2.95238095238095,2021,87,"February"
"2044",2021-02-05,3,5.33333333333333,4.4,3.85714285714286,3.4,3.26666666666667,2.95238095238095,2021,90,"February"
"2045",2021-02-06,6,4,4.4,3.85714285714286,3.8,3.26666666666667,2.95238095238095,2021,96,"February"
"2046",2021-02-07,3,4,3.4,3.71428571428571,3.7,3.4,2.95238095238095,2021,99,"February"
"2047",2021-02-08,3,2.66666666666667,3.2,3.71428571428571,3.6,3.26666666666667,3,2021,102,"February"
"2048",2021-02-09,2,2.33333333333333,3.4,3.42857142857143,3.2,3.13333333333333,3.14285714285714,2021,104,"February"
"2049",2021-02-10,2,3.66666666666667,3,2.85714285714286,3.1,3.2,3.23809523809524,2021,106,"February"
"2050",2021-02-11,7,3.33333333333333,2.8,2.85714285714286,2.6,3.2,3.0952380952381,2021,113,"February"
"2051",2021-02-13,1,3.33333333333333,3,2.71428571428571,2.6,3.06666666666667,3,2021,114,"February"
"2052",2021-02-14,2,2,3,2.57142857142857,2.6,3.06666666666667,3,2021,116,"February"
"2053",2021-02-15,3,2.33333333333333,1.8,2.71428571428571,2.9,2.73333333333333,3.0952380952381,2021,119,"February"
"2054",2021-02-16,2,2,2.2,2.14285714285714,3,2.6,3,2021,121,"February"
"2055",2021-02-17,1,2,2.4,2.71428571428571,2.4,2.53333333333333,3.0952380952381,2021,122,"February"
"2056",2021-02-18,3,2.33333333333333,2.8,2.85714285714286,2.4,2.73333333333333,2.9047619047619,2021,125,"February"
"2057",2021-02-19,3,3.66666666666667,3,2.57142857142857,2.4,2.93333333333333,2.85714285714286,2021,128,"February"
"2058",2021-02-20,5,3.66666666666667,3,2.42857142857143,2.6,2.8,2.80952380952381,2021,133,"February"
"2059",2021-02-21,3,3,2.6,2.57142857142857,2.9,2.86666666666667,2.76190476190476,2021,136,"February"
"2060",2021-02-22,1,1.66666666666667,2.4,2.85714285714286,3.3,2.86666666666667,2.76190476190476,2021,137,"February"
"2061",2021-02-23,1,1.33333333333333,2.4,3.14285714285714,3.2,2.8,2.47619047619048,2021,138,"February"
"2062",2021-02-24,2,2.66666666666667,2.8,3.14285714285714,3.1,2.73333333333333,2.52380952380952,2021,140,"February"
"2063",2021-02-25,5,4,3.6,3,2.8,2.8,2.47619047619048,2021,145,"February"
"2064",2021-02-26,5,5,3.8,3.14285714285714,2.6,2.66666666666667,2.47619047619048,2021,150,"February"
"2065",2021-02-27,5,4,3.8,3.28571428571429,2.7,2.6,2.52380952380952,2021,155,"February"
"2066",2021-02-28,2,3,3.2,3.14285714285714,2.7,2.33333333333333,2.57142857142857,2021,157,"February"
"2067",2021-03-01,2,2,2.4,2.71428571428571,2.7,2.33333333333333,2.61904761904762,2021,159,"March"
"2068",2021-03-03,2,1.66666666666667,1.8,2.14285714285714,2.3,2.46666666666667,2.57142857142857,2021,161,"March"
"2069",2021-03-04,1,1.66666666666667,1.6,1.71428571428571,2.1,2.53333333333333,2.57142857142857,2021,162,"March"
"2070",2021-03-05,2,1.33333333333333,1.6,1.57142857142857,1.9,2.66666666666667,2.47619047619048,2021,164,"March"
"2071",2021-03-06,1,1.66666666666667,1.4,1.71428571428571,1.9,2.46666666666667,2.52380952380952,2021,165,"March"
"2072",2021-03-07,2,1.33333333333333,1.8,1.85714285714286,2.1,2.46666666666667,2.61904761904762,2021,167,"March"
"2073",2021-03-08,1,2,2,2,2.1,2.2,2.66666666666667,2021,168,"March"
"2074",2021-03-09,3,2.33333333333333,2.2,2.28571428571429,2.5,2.2,2.47619047619048,2021,171,"March"
"2075",2021-03-10,3,2.66666666666667,2.6,2.42857142857143,2.4,2.26666666666667,2.38095238095238,2021,174,"March"
"2076",2021-03-11,2,3,2.8,2.85714285714286,2.5,2.33333333333333,2.23809523809524,2021,176,"March"
"2077",2021-03-12,4,2.66666666666667,3.2,2.85714285714286,2.6,2.33333333333333,2.19047619047619,2021,180,"March"
"2078",2021-03-13,2,3.66666666666667,2.8,2.71428571428571,2.8,2.4,2.28571428571429,2021,182,"March"
"2079",2021-03-14,5,2.66666666666667,2.8,2.71428571428571,2.6,2.46666666666667,2.38095238095238,2021,187,"March"
"2080",2021-03-15,1,2.66666666666667,2.6,2.85714285714286,2.6,2.4,2.57142857142857,2021,188,"March"
"2081",2021-03-16,2,2,2.8,2.42857142857143,2.6,2.6,2.71428571428571,2021,190,"March"
"2082",2021-03-17,3,2.66666666666667,2,2.57142857142857,2.3,2.66666666666667,2.71428571428571,2021,193,"March"
"2083",2021-03-18,3,2.33333333333333,2.4,2.14285714285714,2.5,2.8,2.66666666666667,2021,196,"March"
"2084",2021-03-19,1,2.33333333333333,2.4,2.14285714285714,2.4,3,2.80952380952381,2021,197,"March"
"2085",2021-03-20,3,2,2,2.42857142857143,2.8,2.8,2.80952380952381,2021,200,"March"
"2086",2021-03-21,2,2,2.2,2.57142857142857,3.1,2.73333333333333,2.95238095238095,2021,202,"March"
"2087",2021-03-22,1,2.33333333333333,2.8,2.85714285714286,2.9,2.66666666666667,3.04761904761905,2021,203,"March"
"2088",2021-03-23,4,3,3.2,3.42857142857143,2.7,2.8,2.95238095238095,2021,207,"March"
"2089",2021-03-24,4,4.33333333333333,3.8,3.14285714285714,3,3.06666666666667,3.0952380952381,2021,211,"March"
"2090",2021-03-25,5,4.66666666666667,3.8,3,3,3.13333333333333,2.9047619047619,2021,216,"March"
"2091",2021-03-26,5,3.66666666666667,3.2,3.42857142857143,3.4,3.06666666666667,3,2021,221,"March"
"2092",2021-03-27,1,2.33333333333333,3.2,3.28571428571429,3.7,3.33333333333333,3.04761904761905,2021,222,"March"
"2093",2021-03-28,1,2,2.8,3.57142857142857,3.5,3.2,3,2021,223,"March"
"2094",2021-03-29,4,2.66666666666667,3,3.42857142857143,3.6,3.26666666666667,3.0952380952381,2021,227,"March"
"2095",2021-03-30,3,4.33333333333333,3.6,3,3.2,3.4,3.23809523809524,2021,230,"March"
"2096",2021-03-31,6,4.33333333333333,3.8,3.57142857142857,3,3.26666666666667,3.19047619047619,2021,236,"March"
"2097",2021-04-01,4,4,4,3.57142857142857,3.2,3.33333333333333,3.28571428571429,2021,240,"April"
"2098",2021-04-02,2,3.66666666666667,3.6,3.42857142857143,3.3,3.26666666666667,3.42857142857143,2021,242,"April"
"2099",2021-04-03,5,2.66666666666667,3,3.42857142857143,3.4,3.06666666666667,3.38095238095238,2021,247,"April"
"2100",2021-04-04,1,3,2.8,2.85714285714286,3.5,3.26666666666667,3.38095238095238,2021,248,"April"
"2101",2021-04-05,3,2.33333333333333,2.8,3,3.1,3.46666666666667,3.33333333333333,2021,251,"April"
"2102",2021-04-06,3,2.66666666666667,2.8,3.28571428571429,3.1,3.4,3.28571428571429,2021,254,"April"
"2103",2021-04-07,2,3.33333333333333,3.4,2.85714285714286,3.3,3.46666666666667,3.33333333333333,2021,256,"April"
"2104",2021-04-09,5,3.66666666666667,3.2,3.28571428571429,3.1,3.33333333333333,3.52380952380952,2021,261,"April"
"2105",2021-04-10,4,3.66666666666667,3.4,3.42857142857143,3.4,3.33333333333333,3.47619047619048,2021,265,"April"
"2106",2021-04-11,2,3.33333333333333,3.8,3.42857142857143,3.5,3.33333333333333,3.47619047619048,2021,267,"April"
"2107",2021-04-12,4,3.33333333333333,3.4,3.71428571428571,3.6,3.33333333333333,3.23809523809524,2021,271,"April"
"2108",2021-04-13,4,3.66666666666667,3.4,3.57142857142857,3.6,3.46666666666667,3.19047619047619,2021,275,"April"
"2109",2021-04-14,3,3.66666666666667,3.8,3.57142857142857,3.6,3.46666666666667,3.23809523809524,2021,278,"April"
"2110",2021-04-15,4,3.66666666666667,3.8,3.57142857142857,3.5,3.33333333333333,3.0952380952381,2021,282,"April"
"2111",2021-04-16,4,4,3.4,3.71428571428571,3.6,3.4,3.0952380952381,2021,286,"April"
"2112",2021-04-17,4,3.33333333333333,3.8,3.57142857142857,3.3,3.26666666666667,3,2021,290,"April"
"2113",2021-04-18,2,3.66666666666667,3.6,3.57142857142857,3.2,3.13333333333333,2.95238095238095,2021,292,"April"
"2114",2021-04-19,5,3.33333333333333,3.4,3.14285714285714,3.2,3.06666666666667,3.04761904761905,2021,297,"April"
"2115",2021-04-20,3,3.66666666666667,2.8,3,3,2.86666666666667,2.85714285714286,2021,300,"April"
"2116",2021-04-21,3,2.33333333333333,3,2.85714285714286,2.7,2.73333333333333,2.76190476190476,2021,303,"April"
"2117",2021-04-22,1,2.33333333333333,2.6,2.85714285714286,2.4,2.8,2.80952380952381,2021,304,"April"
"2118",2021-04-23,3,2.33333333333333,2.4,2.28571428571429,2.4,2.6,2.71428571428571,2021,307,"April"
"2119",2021-04-24,3,2.66666666666667,2,2,2.3,2.46666666666667,2.57142857142857,2021,310,"April"
"2120",2021-04-27,2,2,2,1.85714285714286,2.1,2.4,2.61904761904762,2021,312,"April"
"2121",2021-04-28,1,1.33333333333333,1.8,2.28571428571429,2,2.4,2.57142857142857,2021,313,"April"
"2122",2021-04-29,1,1.33333333333333,2,2,2.2,2.13333333333333,2.42857142857143,2021,314,"April"
"2123",2021-04-30,2,2.33333333333333,1.8,1.85714285714286,2.1,2.2,2.33333333333333,2021,316,"April"
"2124",2021-05-01,4,2.33333333333333,2,2,1.9,2.2,2.28571428571429,2021,320,"May"
"2125",2021-05-02,1,2.33333333333333,2.4,2.14285714285714,2.1,2.2,2.14285714285714,2021,321,"May"
"2126",2021-05-03,2,2,2.4,2.14285714285714,2.3,2.13333333333333,2.23809523809524,2021,323,"May"
"2127",2021-05-04,3,2.33333333333333,1.8,2.42857142857143,2.3,2,2.28571428571429,2021,326,"May"
"2128",2021-05-06,2,2,2.4,2.28571428571429,2.3,2,2.33333333333333,2021,328,"May"
"2129",2021-05-07,1,2.33333333333333,2.6,2.28571428571429,2,2.26666666666667,2.47619047619048,2021,329,"May"
"2130",2021-05-08,4,2.66666666666667,2.2,2.28571428571429,2.1,2.46666666666667,2.47619047619048,2021,333,"May"
"2131",2021-05-09,3,2.66666666666667,2.2,2,2.4,2.46666666666667,2.52380952380952,2021,336,"May"
"2132",2021-05-10,1,2,2.2,2,2.5,2.6,2.57142857142857,2021,337,"May"
"2133",2021-05-11,2,1.33333333333333,1.8,2.57142857142857,2.5,2.73333333333333,2.61904761904762,2021,339,"May"
"2134",2021-05-12,1,1.66666666666667,2.2,2.57142857142857,3,2.8,2.80952380952381,2021,340,"May"
"2135",2021-05-13,2,2.66666666666667,2.8,2.42857142857143,2.9,2.73333333333333,2.76190476190476,2021,342,"May"
"2136",2021-05-14,5,3.66666666666667,2.8,3.14285714285714,2.9,2.73333333333333,2.80952380952381,2021,347,"May"
"2137",2021-05-16,4,3.66666666666667,3.8,3.28571428571429,3,3.06666666666667,2.80952380952381,2021,351,"May"
"2138",2021-05-17,2,4,4,3.57142857142857,3,3,2.71428571428571,2021,353,"May"
"2139",2021-05-18,6,3.66666666666667,3.6,3.57142857142857,3.5,2.93333333333333,2.71428571428571,2021,359,"May"
"2140",2021-05-19,3,4,3.2,3.14285714285714,3.6,3,2.80952380952381,2021,362,"May"
"2141",2021-05-20,3,2.66666666666667,3.2,3.42857142857143,3.3,2.93333333333333,2.9047619047619,2021,365,"May"
"2142",2021-05-21,2,2.33333333333333,3.2,3.57142857142857,3.1,3,2.95238095238095,2021,367,"May"
"2143",2021-05-22,2,3.33333333333333,3.2,3,3,3.06666666666667,3.04761904761905,2021,369,"May"
"2144",2021-05-23,6,3.66666666666667,3,2.85714285714286,2.6,3.13333333333333,3.04761904761905,2021,375,"May"
"2145",2021-05-24,3,3.66666666666667,3,2.57142857142857,2.6,3.13333333333333,3.23809523809524,2021,378,"May"
"2146",2021-05-25,2,2.33333333333333,2.8,2.57142857142857,2.9,3.2,3.28571428571429,2021,380,"May"
"2147",2021-05-26,2,1.66666666666667,2,2.71428571428571,3.1,2.93333333333333,3.33333333333333,2021,382,"May"
"2148",2021-05-27,1,1.66666666666667,2,2.71428571428571,3.2,3.06666666666667,3.23809523809524,2021,383,"May"
"2149",2021-05-28,2,2,2.8,2.85714285714286,2.8,3.06666666666667,3.28571428571429,2021,385,"May"
"2150",2021-05-30,3,3.66666666666667,3.2,3,3,3.33333333333333,3.19047619047619,2021,388,"May"
"2151",2021-05-31,6,4.33333333333333,3.6,3,3.1,3.33333333333333,3.0952380952381,2021,394,"May"
"2152",2021-06-01,4,4.33333333333333,3.6,3.57142857142857,3.5,3.13333333333333,3,2021,398,"June"
"2153",2021-06-02,3,3,4,3.71428571428571,3.6,3.2,3.04761904761905,2021,401,"June"
"2154",2021-06-03,2,3.33333333333333,3.4,4.14285714285714,3.7,3.13333333333333,3.19047619047619,2021,403,"June"
"2155",2021-06-04,5,3.33333333333333,3.8,3.57142857142857,3.8,3.06666666666667,3.04761904761905,2021,408,"June"
"2156",2021-06-05,3,4.66666666666667,3.6,3.42857142857143,3.3,3.2,3.14285714285714,2021,411,"June"
"2157",2021-06-07,6,3.66666666666667,3.8,3.57142857142857,3,3.4,3.0952380952381,2021,417,"June"
"2158",2021-06-08,2,3.66666666666667,3.6,3.42857142857143,3,3.4,3.0952380952381,2021,419,"June"
"2159",2021-06-09,3,3,3.2,2.85714285714286,3.3,3.33333333333333,3.19047619047619,2021,422,"June"
"2160",2021-06-10,4,2.66666666666667,2.2,2.85714285714286,3.1,3.13333333333333,3.19047619047619,2021,426,"June"
"2161",2021-06-11,1,2,2.4,2.71428571428571,3.3,3.06666666666667,3.19047619047619,2021,427,"June"
"2162",2021-06-12,1,1.66666666666667,2.8,2.85714285714286,2.8,3.13333333333333,3.14285714285714,2021,428,"June"
"2163",2021-06-13,3,3,2.6,3.14285714285714,2.8,2.93333333333333,3.14285714285714,2021,431,"June"
"2164",2021-06-14,5,3.66666666666667,3.4,2.71428571428571,2.8,2.93333333333333,3.38095238095238,2021,436,"June"
"2165",2021-06-15,3,4.33333333333333,3.4,2.85714285714286,2.6,2.86666666666667,3.52380952380952,2021,439,"June"
"2166",2021-06-16,5,3,3.2,3.14285714285714,2.8,3,3.38095238095238,2021,444,"June"
"2167",2021-06-17,1,2.66666666666667,2.8,3,3.2,3.33333333333333,3.38095238095238,2021,445,"June"
"2168",2021-06-18,2,2,2.6,2.71428571428571,3.3,3.4,3.23809523809524,2021,447,"June"
"2169",2021-06-19,3,2.33333333333333,2.2,3,3.6,3.46666666666667,3.23809523809524,2021,450,"June"
"2170",2021-06-20,2,2.66666666666667,3,2.85714285714286,3.8,3.6,3.28571428571429,2021,452,"June"
"2171",2021-06-21,3,3.33333333333333,3.4,3.85714285714286,3.5,3.6,3.23809523809524,2021,455,"June"
"2172",2021-06-22,5,4,4.4,4.28571428571429,3.7,3.4,3.23809523809524,2021,460,"June"
"2173",2021-06-23,4,5.66666666666667,5,4.14285714285714,3.8,3.46666666666667,3.38095238095238,2021,464,"June"
"2174",2021-06-24,8,5.66666666666667,4.8,4.28571428571429,3.7,3.33333333333333,3.28571428571429,2021,472,"June"
"2175",2021-06-25,5,5,4.4,4.28571428571429,3.9,3.33333333333333,3.19047619047619,2021,477,"June"
"2176",2021-06-26,2,3.33333333333333,4.2,3.85714285714286,3.9,3.46666666666667,3.14285714285714,2021,479,"June"
"2177",2021-06-27,3,2.66666666666667,3,3.85714285714286,3.5,3.33333333333333,3,2021,482,"June"
"2178",2021-06-28,3,2.66666666666667,2.8,3.14285714285714,3.5,3.4,3.0952380952381,2021,485,"June"
"2179",2021-06-29,2,3,3,2.57142857142857,2.8,3.33333333333333,3.04761904761905,2021,487,"June"
"2180",2021-06-30,4,3,2.6,2.85714285714286,2.6,3.13333333333333,3,2021,491,"June"
"2181",2021-07-01,3,2.66666666666667,2.8,2.57142857142857,2.6,3.06666666666667,2.95238095238095,2021,494,"July"
"2182",2021-07-02,1,2.66666666666667,2.6,2.57142857142857,2.5,2.6,2.9047619047619,2021,495,"July"
"2183",2021-07-04,4,2,2.4,2.57142857142857,2.5,2.4,2.76190476190476,2021,499,"July"
"2184",2021-07-05,1,2.66666666666667,2.2,2.28571428571429,2.4,2.33333333333333,2.71428571428571,2021,500,"July"
"2185",2021-07-06,3,2,2.4,2.28571428571429,2.2,2.26666666666667,2.47619047619048,2021,503,"July"
"2186",2021-07-07,2,2.33333333333333,2.2,2.28571428571429,2,2.2,2.38095238095238,2021,505,"July"
"2187",2021-07-08,2,2.33333333333333,2.2,2,2.1,2.26666666666667,2.42857142857143,2021,507,"July"
"2188",2021-07-09,3,2,2,2,1.9,2.2,2.47619047619048,2021,510,"July"
"2189",2021-07-10,1,2,1.8,1.85714285714286,2.1,2.2,2.47619047619048,2021,511,"July"
"2190",2021-07-11,2,1.33333333333333,1.8,1.85714285714286,2.1,2.33333333333333,2.42857142857143,2021,513,"July"
"2191",2021-07-12,1,1.66666666666667,1.6,2,2.2,2.33333333333333,2.28571428571429,2021,514,"July"
"2192",2021-07-13,2,1.66666666666667,2,2,2.3,2.46666666666667,2.23809523809524,2021,516,"July"
"2193",2021-07-14,2,2.33333333333333,2.2,2.28571428571429,2.4,2.33333333333333,2.33333333333333,2021,518,"July"
"2194",2021-07-16,3,2.66666666666667,2.6,2.42857142857143,2.6,2.26666666666667,2.42857142857143,2021,521,"July"
"2195",2021-07-17,3,3,2.8,2.85714285714286,2.5,2.26666666666667,2.42857142857143,2021,524,"July"
"2196",2021-07-18,3,3,3.2,3,2.5,2.26666666666667,2.33333333333333,2021,527,"July"
"2197",2021-07-19,3,3.33333333333333,3.2,2.85714285714286,2.5,2.6,2.28571428571429,2021,530,"July"
"2198",2021-07-20,4,3.33333333333333,2.8,2.57142857142857,2.6,2.53333333333333,2.33333333333333,2021,534,"July"
"2199",2021-07-22,3,2.66666666666667,2.4,2.42857142857143,2.9,2.53333333333333,2.38095238095238,2021,537,"July"
"2200",2021-07-23,1,1.66666666666667,2.2,2.42857142857143,2.7,2.46666666666667,2.38095238095238,2021,538,"July"
"2201",2021-07-24,1,1.33333333333333,2,2.85714285714286,2.5,2.53333333333333,2.52380952380952,2021,539,"July"
"2202",2021-07-25,2,2,2.6,2.42857142857143,2.3,2.6,2.57142857142857,2021,541,"July"
"2203",2021-07-26,3,3.66666666666667,2.6,2.14285714285714,2.2,2.46666666666667,2.52380952380952,2021,544,"July"
"2204",2021-07-27,6,3.33333333333333,2.6,2.14285714285714,2.3,2.6,2.52380952380952,2021,550,"July"
"2205",2021-07-28,1,2.66666666666667,2.4,2.42857142857143,2.3,2.53333333333333,2.47619047619048,2021,551,"July"
"2206",2021-07-29,1,1,2.4,2.71428571428571,2.7,2.33333333333333,2.52380952380952,2021,552,"July"
"2207",2021-07-30,1,1.66666666666667,2,2.42857142857143,2.7,2.26666666666667,2.57142857142857,2021,553,"July"
"2208",2021-07-31,3,2.66666666666667,2,2.28571428571429,2.5,2.33333333333333,2.52380952380952,2021,556,"July"
"2209",2021-08-03,4,2.66666666666667,2.8,2.42857142857143,2.1,2.53333333333333,2.38095238095238,2021,560,"August"
"2210",2021-08-04,1,3.33333333333333,3,2.42857142857143,2.2,2.66666666666667,2.38095238095238,2021,561,"August"
"2211",2021-08-05,5,2.66666666666667,2.6,2.57142857142857,2.5,2.6,2.47619047619048,2021,566,"August"
"2212",2021-08-06,2,2.66666666666667,2.2,2.42857142857143,2.8,2.26666666666667,2.57142857142857,2021,568,"August"
"2213",2021-08-07,1,1.66666666666667,2.4,2.42857142857143,2.7,2.4,2.52380952380952,2021,569,"August"
"2214",2021-08-08,2,1.66666666666667,2.2,2.85714285714286,2.4,2.53333333333333,2.71428571428571,2021,571,"August"
"2215",2021-08-09,2,2.66666666666667,2.6,2.42857142857143,2.6,2.66666666666667,2.47619047619048,2021,573,"August"
"2216",2021-08-10,4,3.33333333333333,2.8,2.28571428571429,2.4,2.53333333333333,2.52380952380952,2021,577,"August"
"2217",2021-08-11,4,3.33333333333333,2.6,2.57142857142857,2.5,2.73333333333333,2.57142857142857,2021,581,"August"
"2218",2021-08-12,2,2.33333333333333,2.8,2.71428571428571,2.5,2.73333333333333,2.61904761904762,2021,583,"August"
"2219",2021-08-13,1,2,2.6,2.85714285714286,3,2.53333333333333,2.57142857142857,2021,584,"August"
"2220",2021-08-14,3,2.33333333333333,2.4,2.42857142857143,2.9,2.53333333333333,2.57142857142857,2021,587,"August"
"2221",2021-08-15,3,3,2.2,2.85714285714286,2.7,2.6,2.80952380952381,2021,590,"August"
"2222",2021-08-16,3,2.33333333333333,3.4,2.71428571428571,2.5,2.6,2.76190476190476,2021,593,"August"
"2223",2021-08-17,1,3.66666666666667,3,2.85714285714286,2.5,2.73333333333333,3,2021,594,"August"
"2224",2021-08-18,7,3,2.8,2.71428571428571,2.6,2.86666666666667,3.14285714285714,2021,601,"August"
"2225",2021-08-19,1,3.33333333333333,2.6,2.57142857142857,2.7,2.86666666666667,3.28571428571429,2021,602,"August"
"2226",2021-08-20,2,1.66666666666667,2.8,2.42857142857143,3,3.2,3.33333333333333,2021,604,"August"
"2227",2021-08-21,2,2,1.8,2.85714285714286,3.1,3.4,3.28571428571429,2021,606,"August"
"2228",2021-08-22,2,2,2.4,2.71428571428571,3.7,3.53333333333333,3.14285714285714,2021,608,"August"
"2229",2021-08-23,2,2.66666666666667,3.2,3.14285714285714,3.4,3.53333333333333,3.38095238095238,2021,610,"August"
"2230",2021-08-24,4,4,3.6,3.85714285714286,3.8,3.53333333333333,3.38095238095238,2021,614,"August"
"2231",2021-08-25,6,4.66666666666667,4.6,4.14285714285714,3.9,3.53333333333333,3.47619047619048,2021,620,"August"
"2232",2021-08-26,4,5.66666666666667,5,4.57142857142857,4,3.53333333333333,3.52380952380952,2021,624,"August"
"2233",2021-08-27,7,5,5.2,4.71428571428571,3.9,3.53333333333333,3.42857142857143,2021,631,"August"
"2234",2021-08-29,4,5.33333333333333,4.6,4.57142857142857,4.4,3.73333333333333,3.47619047619048,2021,635,"August"
"2235",2021-08-30,5,4,4.4,3.85714285714286,4.1,3.86666666666667,3.28571428571429,2021,640,"August"
"2236",2021-08-31,3,3.66666666666667,3.2,4.28571428571429,4,3.8,3.38095238095238,2021,643,"August"
"2237",2021-09-01,3,2.33333333333333,3.8,3.42857142857143,4,3.8,3.33333333333333,2021,646,"September"
"2238",2021-09-02,1,3.66666666666667,3,3.57142857142857,3.4,3.73333333333333,3.38095238095238,2021,647,"September"
"2239",2021-09-03,7,3,3.4,3.42857142857143,3.2,3.53333333333333,3.33333333333333,2021,654,"September"
"2240",2021-09-04,1,4.33333333333333,3.6,3.14285714285714,3,3.33333333333333,3.38095238095238,2021,655,"September"
"2241",2021-09-06,5,3.33333333333333,3.6,3,3,3.06666666666667,3.33333333333333,2021,660,"September"
"2242",2021-09-07,4,3.33333333333333,2.6,3.28571428571429,2.8,2.86666666666667,3.19047619047619,2021,664,"September"
"2243",2021-09-08,1,2.33333333333333,3,2.71428571428571,3,2.73333333333333,3.19047619047619,2021,665,"September"
"2244",2021-09-09,2,2,2.6,2.71428571428571,2.4,2.73333333333333,2.9047619047619,2021,667,"September"
"2245",2021-09-10,3,2.66666666666667,2,2.42857142857143,2.6,2.73333333333333,2.80952380952381,2021,670,"September"
"2246",2021-09-11,3,2.33333333333333,2.4,2,2.4,2.93333333333333,2.71428571428571,2021,673,"September"
"2247",2021-09-12,1,2.33333333333333,2.2,2.28571428571429,2.3,2.53333333333333,2.61904761904762,2021,674,"September"
"2248",2021-09-13,3,1.66666666666667,2.2,2.42857142857143,2.6,2.6,2.66666666666667,2021,677,"September"
"2249",2021-09-14,1,2.33333333333333,2.2,2.42857142857143,2.5,2.46666666666667,2.66666666666667,2021,678,"September"
"2250",2021-09-15,3,2.33333333333333,2.6,2.57142857142857,2.4,2.26666666666667,2.47619047619048,2021,681,"September"
"2251",2021-09-16,3,3,2.8,2.57142857142857,2.4,2.46666666666667,2.61904761904762,2021,684,"September"
"2252",2021-09-17,3,3.33333333333333,2.8,2.42857142857143,2.4,2.4,2.52380952380952,2021,687,"September"
"2253",2021-09-18,4,2.66666666666667,2.6,2.71428571428571,2.5,2.4,2.47619047619048,2021,691,"September"
"2254",2021-09-19,1,2.33333333333333,2.6,2.42857142857143,2.5,2.46666666666667,2.52380952380952,2021,692,"September"
"2255",2021-09-20,2,2,2.2,2.57142857142857,2.5,2.6,2.52380952380952,2021,694,"September"
"2256",2021-09-21,3,2,2.2,2.28571428571429,2.6,2.6,2.42857142857143,2021,697,"September"
"2257",2021-09-22,1,2.66666666666667,2.2,2.14285714285714,2.6,2.66666666666667,2.42857142857143,2021,698,"September"
"2258",2021-09-23,4,2,2.4,2.57142857142857,2.5,2.6,2.61904761904762,2021,702,"September"
"2259",2021-09-24,1,2.66666666666667,2.6,2.71428571428571,2.6,2.46666666666667,2.71428571428571,2021,703,"September"
"2260",2021-09-25,3,2.66666666666667,3,2.71428571428571,2.6,2.46666666666667,2.85714285714286,2021,706,"September"
"2261",2021-09-27,4,3.33333333333333,2.8,2.85714285714286,2.4,2.53333333333333,2.80952380952381,2021,710,"September"
"2262",2021-09-28,3,3.33333333333333,3,2.57142857142857,2.6,2.8,3,2021,713,"September"
"2263",2021-09-29,3,2.66666666666667,2.8,2.57142857142857,2.7,2.93333333333333,3.04761904761905,2021,716,"September"
"2264",2021-09-30,2,2.33333333333333,2.2,2.57142857142857,3.1,2.86666666666667,3.04761904761905,2021,718,"September"
"2265",2021-10-01,2,1.66666666666667,2.2,2.71428571428571,3.2,3.26666666666667,3.04761904761905,2021,720,"October"
"2266",2021-10-02,1,2,2.6,3,3,3.26666666666667,3.0952380952381,2021,721,"October"
"2267",2021-10-03,3,3,3.2,3.14285714285714,3.4,3.46666666666667,3.19047619047619,2021,724,"October"
"2268",2021-10-04,5,4.33333333333333,3.6,3.14285714285714,3.5,3.33333333333333,3.33333333333333,2021,729,"October"
"2269",2021-10-05,5,4.66666666666667,3.8,3.85714285714286,3.7,3.26666666666667,3.19047619047619,2021,734,"October"
"2270",2021-10-06,4,3.66666666666667,4.6,4.28571428571429,3.6,3.4,3.28571428571429,2021,738,"October"
"2271",2021-10-07,2,4.33333333333333,4.4,4.42857142857143,3.8,3.46666666666667,3.33333333333333,2021,740,"October"
"2272",2021-10-08,7,4.33333333333333,4.2,3.85714285714286,4,3.4,3.23809523809524,2021,747,"October"
"2273",2021-10-09,4,5,3.6,3.57142857142857,3.9,3.46666666666667,3.28571428571429,2021,751,"October"
"2274",2021-10-10,4,3,3.8,3.71428571428571,3.5,3.66666666666667,3.28571428571429,2021,755,"October"
"2275",2021-10-11,1,2.66666666666667,3.4,4,3.4,3.6,3.23809523809524,2021,756,"October"
"2276",2021-10-12,3,3,3.4,3.14285714285714,3.6,3.53333333333333,3.28571428571429,2021,759,"October"
"2277",2021-10-13,5,4,2.8,3,3.1,3.4,3.28571428571429,2021,764,"October"
"2278",2021-10-14,4,3.33333333333333,3.2,3,3.1,3.2,3.23809523809524,2021,768,"October"
"2279",2021-10-15,1,2.66666666666667,3.4,3.14285714285714,3,3.26666666666667,3.14285714285714,2021,769,"October"
"2280",2021-10-16,3,2.66666666666667,2.8,3.28571428571429,3,2.86666666666667,2.95238095238095,2021,772,"October"
"2281",2021-10-17,4,3,2.8,3,3,2.73333333333333,2.9047619047619,2021,776,"October"
"2282",2021-10-18,2,3.33333333333333,3.2,2.57142857142857,2.6,2.66666666666667,2.95238095238095,2021,778,"October"
"2283",2021-10-19,4,3,2.8,2.85714285714286,2.4,2.66666666666667,2.71428571428571,2021,782,"October"
"2284",2021-10-20,3,2.66666666666667,2.6,2.57142857142857,2.6,2.66666666666667,2.57142857142857,2021,785,"October"
"2285",2021-10-21,1,2.33333333333333,2.4,2.28571428571429,2.4,2.53333333333333,2.42857142857143,2021,786,"October"
"2286",2021-10-22,3,1.66666666666667,2,2.42857142857143,2.3,2.4,2.42857142857143,2021,789,"October"
"2287",2021-10-23,1,2,2,2,2.4,2.4,2.47619047619048,2021,790,"October"
"2288",2021-10-24,2,2,2,2,2.2,2.26666666666667,2.28571428571429,2021,792,"October"
"2289",2021-10-25,3,2,2,2.28571428571429,2,2.06666666666667,2.19047619047619,2021,795,"October"
"2290",2021-10-26,1,2.33333333333333,2.4,2.14285714285714,2,2.2,2.33333333333333,2021,796,"October"
"2291",2021-10-27,3,2.33333333333333,2.4,2.14285714285714,1.8,2,2.28571428571429,2021,799,"October"
"2292",2021-10-28,3,2.66666666666667,2,2,2.1,1.93333333333333,2.19047619047619,2021,802,"October"
"2293",2021-10-30,2,2,2,1.71428571428571,2,2.13333333333333,2.28571428571429,2021,804,"October"
"2294",2021-10-31,1,1.33333333333333,1.6,2.14285714285714,1.9,2.06666666666667,2.19047619047619,2021,805,"October"
"2295",2021-11-01,1,1,1.8,1.85714285714286,2.2,2.13333333333333,2.0952380952381,2021,806,"November"
"2296",2021-11-02,1,2,1.6,1.71428571428571,2.1,2.26666666666667,2.23809523809524,2021,807,"November"
"2297",2021-11-03,4,2,1.8,2,2,2.2,2.28571428571429,2021,811,"November"
"2298",2021-11-04,1,2.33333333333333,2.4,2.14285714285714,2.2,2.2,2.28571428571429,2021,812,"November"
"2299",2021-11-05,2,2.33333333333333,2.6,2.28571428571429,2.3,2.26666666666667,2.33333333333333,2021,814,"November"
"2300",2021-11-06,4,2.66666666666667,2.2,2.71428571428571,2.3,2.33333333333333,2.28571428571429,2021,818,"November"
"2301",2021-11-07,2,2.66666666666667,2.8,2.42857142857143,2.6,2.26666666666667,2.38095238095238,2021,820,"November"
"2302",2021-11-08,2,2.66666666666667,2.8,2.42857142857143,2.6,2.4,2.28571428571429,2021,822,"November"
"2303",2021-11-11,4,2.66666666666667,2.2,2.71428571428571,2.6,2.46666666666667,2.19047619047619,2021,826,"November"
"2304",2021-11-13,2,2.33333333333333,2.6,2.71428571428571,2.7,2.6,2.14285714285714,2021,828,"November"
"2305",2021-11-14,1,2.33333333333333,3,2.57142857142857,2.5,2.4,2.14285714285714,2021,829,"November"
"2306",2021-11-16,4,3,2.4,2.71428571428571,2.6,2.4,2.47619047619048,2021,833,"November"
"2307",2021-11-17,4,3,2.6,2.42857142857143,2.5,2.33333333333333,2.47619047619048,2021,837,"November"
"2308",2021-11-18,1,2.66666666666667,2.8,2.57142857142857,2.2,2.13333333333333,2.42857142857143,2021,838,"November"
"2309",2021-11-19,3,2,2.6,2.57142857142857,2.1,2.53333333333333,2.47619047619048,2021,841,"November"
"2310",2021-11-21,2,2.66666666666667,2,2.14285714285714,2.1,2.46666666666667,2.47619047619048,2021,843,"November"
"2311",2021-11-22,3,2,2,1.71428571428571,2.5,2.4,2.38095238095238,2021,846,"November"
"2312",2021-11-23,1,1.66666666666667,1.6,1.71428571428571,2.2,2.4,2.33333333333333,2021,847,"November"
"2313",2021-11-24,1,1,1.4,2.42857142857143,2.4,2.46666666666667,2.38095238095238,2021,848,"November"
"2314",2021-11-26,1,1,2.4,2.28571428571429,2.3,2.33333333333333,2.28571428571429,2021,849,"November"
"2315",2021-11-27,1,3.33333333333333,2.4,2.28571428571429,2.3,2.13333333333333,2.33333333333333,2021,850,"November"
"2316",2021-11-28,8,3.33333333333333,2.8,2.42857142857143,2.2,2.26666666666667,2.33333333333333,2021,858,"November"
"2317",2021-11-29,1,4,3,2.57142857142857,2.2,2.2,2.42857142857143,2021,859,"November"
"2318",2021-11-30,3,2,3.2,2.71428571428571,2.4,2.26666666666667,2.33333333333333,2021,862,"November"
"2319",2021-12-01,2,2.33333333333333,2,2.71428571428571,2.5,2.13333333333333,2.47619047619048,2021,864,"December"
"2320",2021-12-02,2,2,2,2,2.7,2.46666666666667,2.42857142857143,2021,866,"December"
"2321",2021-12-03,2,1.66666666666667,2,2.14285714285714,2,2.53333333333333,2.57142857142857,2021,868,"December"
"2322",2021-12-05,1,2,2,2.14285714285714,2.5,2.73333333333333,2.61904761904762,2021,869,"December"
"2323",2021-12-06,3,2,2.2,2,2.4,2.8,2.71428571428571,2021,872,"December"
"2324",2021-12-07,2,2.66666666666667,2,2.57142857142857,2.6,2.6,2.71428571428571,2021,874,"December"
"2325",2021-12-08,3,2,3,2.57142857142857,2.6,2.8,2.80952380952381,2021,877,"December"
"2326",2021-12-09,1,3.33333333333333,2.8,3,2.9,2.8,2.95238095238095,2021,878,"December"
"2327",2021-12-10,6,3,3.2,2.85714285714286,3.2,2.73333333333333,2.76190476190476,2021,884,"December"
"2328",2021-12-11,2,4,3,3.28571428571429,3.2,2.8,3,2021,886,"December"
"2329",2021-12-12,4,2.66666666666667,3.8,3.42857142857143,3.1,2.93333333333333,2.9047619047619,2021,890,"December"
"2330",2021-12-14,2,3.66666666666667,3.4,3.71428571428571,3.1,3.13333333333333,3.04761904761905,2021,892,"December"
"2331",2021-12-15,5,3.66666666666667,3.6,3,3.4,3.33333333333333,3.14285714285714,2021,897,"December"
"2332",2021-12-16,4,4,3,3.14285714285714,3.2,3.26666666666667,3.0952380952381,2021,901,"December"
"2333",2021-12-18,3,2.66666666666667,3.2,3.14285714285714,3.6,3.4,3.14285714285714,2021,904,"December"
"2334",2021-12-19,1,2.33333333333333,3,3.42857142857143,3.3,3.6,3.04761904761905,2021,905,"December"
"2335",2021-12-20,3,2.66666666666667,3,3.57142857142857,3.6,3.26666666666667,3.04761904761905,2021,908,"December"
"2336",2021-12-21,4,3.66666666666667,3.6,3.14285714285714,3.5,3.26666666666667,2.95238095238095,2021,912,"December"
"2337",2021-12-22,4,4.66666666666667,3.6,3.42857142857143,3.2,3.06666666666667,3.04761904761905,2021,916,"December"
"2338",2021-12-23,6,3.66666666666667,4,3.85714285714286,3.1,3.06666666666667,2.9047619047619,2021,922,"December"
"2339",2021-12-24,1,4,4,3.57142857142857,3.1,2.8,2.95238095238095,2021,923,"December"
"2340",2021-12-26,5,3.33333333333333,3.4,3.28571428571429,3,2.73333333333333,2.9047619047619,2021,928,"December"
"2341",2021-12-27,4,3.33333333333333,2.6,2.85714285714286,2.7,2.73333333333333,2.85714285714286,2021,932,"December"
"2342",2021-12-28,1,2.33333333333333,2.6,2.28571428571429,2.6,2.86666666666667,2.76190476190476,2021,933,"December"
"2343",2021-12-29,2,1.33333333333333,2,2.28571428571429,2.3,2.86666666666667,2.71428571428571,2021,935,"December"
"2344",2021-12-30,1,1.66666666666667,1.4,2,2.5,2.66666666666667,2.71428571428571,2021,936,"December"
"2345",2022-01-01,2,1.33333333333333,1.8,1.85714285714286,2.3,2.6,2.85714285714286,2022,2,"January"
"2346",2022-01-02,1,2,2,2.14285714285714,2,2.4,2.80952380952381,2022,3,"January"
"2347",2022-01-03,3,2.33333333333333,2.4,2.28571428571429,2.2,2.53333333333333,2.66666666666667,2022,6,"January"
"2348",2022-01-04,3,3,2.6,2.28571428571429,2.3,2.46666666666667,2.71428571428571,2022,9,"January"
"2349",2022-01-05,3,3,2.6,2.42857142857143,2.5,2.33333333333333,2.47619047619048,2022,12,"January"
"2350",2022-01-06,3,2.33333333333333,2.6,2.71428571428571,2.7,2.33333333333333,2.57142857142857,2022,15,"January"
"2351",2022-01-08,1,2.33333333333333,2.6,2.71428571428571,2.8,2.53333333333333,2.42857142857143,2022,16,"January"
"2352",2022-01-09,3,2.33333333333333,2.6,2.85714285714286,2.6,2.53333333333333,2.38095238095238,2022,19,"January"
"2353",2022-01-10,3,3,2.8,2.71428571428571,2.8,2.6,2.38095238095238,2022,22,"January"
"2354",2022-01-11,3,3.33333333333333,3,2.42857142857143,2.6,2.66666666666667,2.33333333333333,2022,25,"January"
"2355",2022-01-12,4,3,2.6,3,2.6,2.66666666666667,2.52380952380952,2022,29,"January"
"2356",2022-01-13,2,2.33333333333333,3,2.71428571428571,2.7,2.53333333333333,2.52380952380952,2022,31,"January"
"2357",2022-01-14,1,2.66666666666667,2.6,2.71428571428571,2.7,2.4,2.61904761904762,2022,32,"January"
"2358",2022-01-16,5,2.33333333333333,2.4,2.57142857142857,2.5,2.53333333333333,2.61904761904762,2022,37,"January"
"2359",2022-01-17,1,3,2.4,2.42857142857143,2.3,2.6,2.61904761904762,2022,38,"January"
"2360",2022-01-18,3,2,2.8,2.28571428571429,2.4,2.6,2.57142857142857,2022,41,"January"
"2361",2022-01-19,2,2.66666666666667,2,2.28571428571429,2.4,2.6,2.52380952380952,2022,43,"January"
"2362",2022-01-20,3,2,2,2.28571428571429,2.6,2.6,2.52380952380952,2022,46,"January"
"2363",2022-01-21,1,1.66666666666667,2.4,2.42857142857143,2.4,2.46666666666667,2.52380952380952,2022,47,"January"
"2364",2022-01-22,1,2.33333333333333,2.4,2.42857142857143,2.6,2.46666666666667,2.52380952380952,2022,48,"January"
"2365",2022-01-23,5,2.66666666666667,2.4,2.57142857142857,2.5,2.46666666666667,2.42857142857143,2022,53,"January"
"2366",2022-01-24,2,3.33333333333333,2.8,2.57142857142857,2.5,2.33333333333333,2.38095238095238,2022,55,"January"
"2367",2022-01-25,3,2.66666666666667,3.2,2.71428571428571,2.3,2.46666666666667,2.38095238095238,2022,58,"January"
"2368",2022-01-26,3,3,2.6,2.85714285714286,2.5,2.33333333333333,2.52380952380952,2022,61,"January"
"2369",2022-01-27,3,2.66666666666667,2.6,2.28571428571429,2.7,2.4,2.52380952380952,2022,64,"January"
"2370",2022-01-28,2,2.33333333333333,2.2,2.42857142857143,2.3,2.33333333333333,2.66666666666667,2022,66,"January"
"2371",2022-01-29,2,1.66666666666667,2.2,2.42857142857143,2.4,2.53333333333333,2.80952380952381,2022,68,"January"
"2372",2022-01-30,1,2,2.2,2.14285714285714,2.3,2.8,2.80952380952381,2022,69,"January"
"2373",2022-01-31,3,2.33333333333333,2,2.14285714285714,2.4,2.73333333333333,2.76190476190476,2022,72,"January"
"2374",2022-02-01,3,2.33333333333333,2.2,2.14285714285714,2.6,3,2.85714285714286,2022,75,"February"
"2375",2022-02-02,1,2.33333333333333,2.4,2.42857142857143,2.8,2.93333333333333,2.95238095238095,2022,76,"February"
"2376",2022-02-04,3,2,2.6,3,3.2,2.86666666666667,2.85714285714286,2022,79,"February"
"2377",2022-02-05,2,3,3,3.14285714285714,3.3,2.86666666666667,3,2022,81,"February"
"2378",2022-02-06,4,3.66666666666667,3.6,3.57142857142857,3.2,2.93333333333333,3.14285714285714,2022,85,"February"
"2379",2022-02-07,5,4.33333333333333,4.2,3.71428571428571,3.2,3,3.28571428571429,2022,90,"February"
"2380",2022-02-08,4,5,4.2,3.57142857142857,3.4,3.26666666666667,3.19047619047619,2022,94,"February"
"2381",2022-02-09,6,4,3.8,3.71428571428571,3.4,3.46666666666667,3.38095238095238,2022,100,"February"
"2382",2022-02-10,2,3.33333333333333,3.4,3.57142857142857,3.7,3.66666666666667,3.33333333333333,2022,102,"February"
"2383",2022-02-11,2,2.33333333333333,3.2,3.28571428571429,3.9,3.66666666666667,3.38095238095238,2022,104,"February"
"2384",2022-02-12,3,2.66666666666667,2.6,3.42857142857143,4,3.86666666666667,3.42857142857143,2022,107,"February"
"2385",2022-02-13,3,3,3.2,3.42857142857143,3.7,3.8,3.57142857142857,2022,110,"February"
"2386",2022-02-14,3,3.66666666666667,4,4,3.7,3.66666666666667,3.61904761904762,2022,113,"February"
"2387",2022-02-15,5,4.66666666666667,4.6,3.85714285714286,3.6,3.6,3.52380952380952,2022,118,"February"
"2388",2022-02-16,6,5.66666666666667,4.2,4.28571428571429,3.6,3.73333333333333,3.47619047619048,2022,124,"February"
"2389",2022-02-17,6,4.33333333333333,4.8,4,3.7,3.46666666666667,3.38095238095238,2022,130,"February"
"2390",2022-02-18,1,4.33333333333333,4,3.85714285714286,4,3.4,3.19047619047619,2022,131,"February"
"2391",2022-02-19,6,2.66666666666667,3.2,3.71428571428571,3.9,3.33333333333333,3.14285714285714,2022,137,"February"
"2392",2022-02-20,1,3,2.8,3.71428571428571,3.5,3.26666666666667,3,2022,138,"February"
"2393",2022-02-21,2,2.33333333333333,3.8,3.14285714285714,3,3.13333333333333,3.28571428571429,2022,140,"February"
"2394",2022-02-22,4,4,3,3.14285714285714,2.6,3.13333333333333,3.23809523809524,2022,144,"February"
"2395",2022-02-23,6,4,3,2.42857142857143,2.6,3,3.14285714285714,2022,150,"February"
"2396",2022-02-24,2,3,2.8,2.57142857142857,2.3,3.13333333333333,3.14285714285714,2022,152,"February"
"2397",2022-02-25,1,1.33333333333333,2.4,2.42857142857143,2.5,2.8,3.0952380952381,2022,153,"February"
"2398",2022-02-26,1,1.33333333333333,1.4,2.28571428571429,3.1,2.8,2.95238095238095,2022,154,"February"
"2399",2022-02-27,2,1.33333333333333,1.6,1.85714285714286,2.8,2.6,2.80952380952381,2022,156,"February"
"2400",2022-02-28,1,2,2,2.71428571428571,2.3,2.66666666666667,2.76190476190476,2022,157,"February"
"2401",2022-03-01,3,2.33333333333333,3.4,2.71428571428571,2.4,2.66666666666667,3,2022,160,"March"
"2402",2022-03-02,3,4.66666666666667,3.2,2.71428571428571,2.5,2.6,2.80952380952381,2022,163,"March"
"2403",2022-03-03,8,4,3.2,2.85714285714286,2.6,2.53333333333333,2.9047619047619,2022,171,"March"
"2404",2022-03-04,1,3.33333333333333,3.2,3,2.7,2.8,3,2022,172,"March"
"2405",2022-03-05,1,1.66666666666667,3,2.85714285714286,3.1,2.86666666666667,2.85714285714286,2022,173,"March"
"2406",2022-03-06,3,2,1.8,2.85714285714286,3.4,3,2.66666666666667,2022,176,"March"
"2407",2022-03-07,2,2.33333333333333,2.2,2.42857142857143,3.3,3.13333333333333,2.76190476190476,2022,178,"March"
"2408",2022-03-08,2,2.33333333333333,3,3.14285714285714,2.8,3.13333333333333,2.95238095238095,2022,180,"March"
"2409",2022-03-09,3,3.33333333333333,3.6,3.28571428571429,3.1,3.06666666666667,2.95238095238095,2022,183,"March"
"2410",2022-03-11,5,4.66666666666667,3.6,3.28571428571429,3.1,3.13333333333333,2.95238095238095,2022,188,"March"
"2411",2022-03-12,6,4.33333333333333,3.8,3.57142857142857,3,2.93333333333333,2.95238095238095,2022,194,"March"
"2412",2022-03-13,2,3.66666666666667,4,3.42857142857143,3.2,2.93333333333333,2.9047619047619,2022,196,"March"
"2413",2022-03-14,3,3,3.2,3.28571428571429,3.5,3,2.80952380952381,2022,199,"March"
"2414",2022-03-15,4,2.66666666666667,2.4,3.14285714285714,3.3,2.86666666666667,2.52380952380952,2022,203,"March"
"2415",2022-03-16,1,2.33333333333333,2.8,3,3,2.86666666666667,2.66666666666667,2022,204,"March"
"2416",2022-03-17,2,2.33333333333333,3.2,2.85714285714286,2.5,2.8,2.85714285714286,2022,206,"March"
"2417",2022-03-18,4,3.66666666666667,2.6,2.71428571428571,2.5,2.73333333333333,2.76190476190476,2022,210,"March"
"2418",2022-03-19,5,3.33333333333333,2.8,2.28571428571429,2.3,2.66666666666667,2.95238095238095,2022,215,"March"
"2419",2022-03-20,1,2.66666666666667,2.6,2.42857142857143,2.1,2.6,2.95238095238095,2022,216,"March"
"2420",2022-03-21,2,1.33333333333333,2.2,2.28571428571429,2.4,2.53333333333333,3,2022,218,"March"
"2421",2022-03-22,1,1.66666666666667,1.4,2,2.7,2.73333333333333,3,2022,219,"March"
"2422",2022-03-23,2,1.33333333333333,1.6,1.85714285714286,2.4,2.6,2.85714285714286,2022,221,"March"
"2423",2022-03-24,1,1.66666666666667,2,2.42857142857143,2.5,2.8,2.95238095238095,2022,222,"March"
"2424",2022-03-25,2,2.33333333333333,2.8,2.28571428571429,2.6,3,2.9047619047619,2022,224,"March"
"2425",2022-03-26,4,3.66666666666667,2.6,3,2.8,2.93333333333333,2.95238095238095,2022,228,"March"
"2426",2022-03-27,5,3.33333333333333,3.6,3,3.2,2.86666666666667,3.04761904761905,2022,233,"March"
"2427",2022-03-28,1,4,3.6,3.42857142857143,3.3,2.93333333333333,3.14285714285714,2022,234,"March"
"2428",2022-03-29,6,3,3.6,3.85714285714286,3.6,3.13333333333333,3,2022,240,"March"
"2429",2022-03-30,2,4,3.6,3.71428571428571,3.6,3.26666666666667,3.04761904761905,2022,242,"March"
"2430",2022-03-31,4,3.66666666666667,4,3.57142857142857,3.7,3.4,3.04761904761905,2022,246,"March"
"2431",2022-04-01,5,4,3.6,3.71428571428571,3.5,3.4,3.14285714285714,2022,251,"April"
"2432",2022-04-02,3,4,3.6,3.57142857142857,3.8,3.66666666666667,3.14285714285714,2022,254,"April"
"2433",2022-04-03,4,3,3.8,3.71428571428571,3.3,3.46666666666667,3.14285714285714,2022,258,"April"
"2434",2022-04-04,2,3.66666666666667,3.4,3.71428571428571,3.7,3.4,3.33333333333333,2022,260,"April"
"2435",2022-04-05,5,3.33333333333333,3.6,3.14285714285714,3.4,3.4,3.28571428571429,2022,265,"April"
"2436",2022-04-06,3,4,3,3.57142857142857,3.3,3.13333333333333,3.28571428571429,2022,268,"April"
"2437",2022-04-07,4,2.66666666666667,3.8,3.14285714285714,3.1,3.33333333333333,3.14285714285714,2022,272,"April"
"2438",2022-04-08,1,3.66666666666667,3,3.42857142857143,2.9,3.13333333333333,3.23809523809524,2022,273,"April"
"2439",2022-04-09,6,2.66666666666667,3.2,2.85714285714286,3.2,3.06666666666667,3.04761904761905,2022,279,"April"
"2440",2022-04-10,1,3.66666666666667,2.6,2.71428571428571,2.8,3,3,2022,280,"April"
"2441",2022-04-11,4,2,2.8,2.85714285714286,2.9,2.93333333333333,2.9047619047619,2022,284,"April"
"2442",2022-04-12,1,2.33333333333333,2.6,2.85714285714286,2.7,2.93333333333333,2.71428571428571,2022,285,"April"
"2443",2022-04-13,2,2.66666666666667,2.6,2.57142857142857,2.9,2.66666666666667,2.71428571428571,2022,287,"April"
"2444",2022-04-14,5,2.66666666666667,2.6,2.71428571428571,2.5,2.6,2.57142857142857,2022,292,"April"
"2445",2022-04-15,1,3.33333333333333,2.8,2.57142857142857,2.5,2.4,2.61904761904762,2022,293,"April"
"2446",2022-04-16,4,2.33333333333333,3,2.71428571428571,2.3,2.53333333333333,2.47619047619048,2022,297,"April"
"2447",2022-04-19,2,3,2.4,2.57142857142857,2.3,2.2,2.42857142857143,2022,299,"April"
"2448",2022-04-20,3,2.33333333333333,2.4,2.14285714285714,2.4,2.33333333333333,2.33333333333333,2022,302,"April"
"2449",2022-04-21,2,2,2,2.14285714285714,2,2.2,2.42857142857143,2022,304,"April"
"2450",2022-04-22,1,1.66666666666667,1.8,2,2.2,2.26666666666667,2.19047619047619,2022,305,"April"
"2451",2022-04-23,2,1.33333333333333,1.8,1.85714285714286,2,2.26666666666667,2.28571428571429,2022,307,"April"
"2452",2022-04-24,1,2,1.6,1.85714285714286,2,2.13333333333333,2.28571428571429,2022,308,"April"
"2453",2022-04-25,3,1.66666666666667,2,1.85714285714286,1.9,2.13333333333333,2.33333333333333,2022,311,"April"
"2454",2022-04-26,1,2.33333333333333,2,2,2,2.06666666666667,2.28571428571429,2022,312,"April"
"2455",2022-04-27,3,2,2.2,2,2,2.2,2.14285714285714,2022,315,"April"
"2456",2022-04-28,2,2.33333333333333,2,2.28571428571429,2.1,2.13333333333333,2.14285714285714,2022,317,"April"
"2457",2022-04-29,2,2,2.4,2,2.4,2.06666666666667,2,2022,319,"April"
"2458",2022-04-30,2,2.33333333333333,2,2.28571428571429,2.3,2.13333333333333,2.0952380952381,2022,321,"April"
"2459",2022-05-01,3,2,2.2,2.42857142857143,2.3,2.06666666666667,2.04761904761905,2022,324,"May"
"2460",2022-05-02,1,2.33333333333333,2.6,2.42857142857143,2.2,2.06666666666667,2.04761904761905,2022,325,"May"
"2461",2022-05-03,3,2.66666666666667,2.6,2.28571428571429,2.1,2.13333333333333,2.0952380952381,2022,328,"May"
"2462",2022-05-04,4,3,2.2,2.28571428571429,2,2.2,2.14285714285714,2022,332,"May"
"2463",2022-05-05,2,2.33333333333333,2.4,2,2.2,2.13333333333333,2.42857142857143,2022,334,"May"
"2464",2022-05-06,1,1.66666666666667,2,2,2.1,2.13333333333333,2.38095238095238,2022,335,"May"
"2465",2022-05-07,2,1.33333333333333,1.4,2.14285714285714,2.2,2.2,2.61904761904762,2022,337,"May"
"2466",2022-05-08,1,1.33333333333333,1.8,1.85714285714286,2.1,2.53333333333333,2.61904761904762,2022,338,"May"
"2467",2022-05-09,1,2,2,1.85714285714286,2,2.46666666666667,2.61904761904762,2022,339,"May"
"2468",2022-05-10,4,2.33333333333333,2,2,2.5,2.8,2.71428571428571,2022,343,"May"
"2469",2022-05-13,2,2.66666666666667,2.2,2.14285714285714,2.6,2.8,2.85714285714286,2022,345,"May"
"2470",2022-05-14,2,2,2.6,3,3,2.66666666666667,2.80952380952381,2022,347,"May"
"2471",2022-05-16,2,2.33333333333333,3.2,3.14285714285714,3.2,2.8,2.85714285714286,2022,349,"May"
"2472",2022-05-18,3,4,3.2,3.42857142857143,3.3,3.06666666666667,2.9047619047619,2022,352,"May"
"2473",2022-05-19,7,4,4,3.57142857142857,3.3,3.06666666666667,2.95238095238095,2022,359,"May"
"2474",2022-05-20,2,5,4.2,3.57142857142857,3.6,3.13333333333333,3,2022,361,"May"
"2475",2022-05-21,6,3.66666666666667,4,3.85714285714286,3.6,3.33333333333333,3.14285714285714,2022,367,"May"
"2476",2022-05-23,3,3.66666666666667,3.4,4.14285714285714,3.6,3.4,3.28571428571429,2022,370,"May"
"2477",2022-05-24,2,3,4,3.42857142857143,3.7,3.46666666666667,3.52380952380952,2022,372,"May"
"2478",2022-05-25,4,3.66666666666667,3.2,3.42857142857143,3.5,3.6,3.57142857142857,2022,376,"May"
"2479",2022-05-26,5,3.66666666666667,3,3.14285714285714,3.6,3.8,3.52380952380952,2022,381,"May"
"2480",2022-05-27,2,3,3.4,3.42857142857143,3.4,4,3.47619047619048,2022,383,"May"
"2481",2022-05-28,2,2.66666666666667,3.6,3.57142857142857,3.6,3.66666666666667,3.42857142857143,2022,385,"May"
"2482",2022-05-29,4,3.66666666666667,3.2,3.57142857142857,4,3.73333333333333,3.42857142857143,2022,389,"May"
"2483",2022-05-30,5,4,3.6,3.57142857142857,3.8,3.4,3.38095238095238,2022,394,"May"
"2484",2022-05-31,3,4,4.2,4.14285714285714,3.6,3.26666666666667,3.0952380952381,2022,397,"May"
"2485",2022-06-01,4,4,4.6,4.14285714285714,3.5,3.26666666666667,3.0952380952381,2022,401,"June"
"2486",2022-06-02,5,5,4,4,3.4,3.13333333333333,2.9047619047619,2022,406,"June"
"2487",2022-06-03,6,4.33333333333333,4,3.42857142857143,3.2,2.86666666666667,2.95238095238095,2022,412,"June"
"2488",2022-06-04,2,3.66666666666667,3.4,3.14285714285714,2.9,2.86666666666667,3,2022,414,"June"
"2489",2022-06-05,3,2,2.6,2.85714285714286,2.7,2.86666666666667,2.9047619047619,2022,417,"June"
"2490",2022-06-06,1,1.66666666666667,1.8,2.42857142857143,2.5,2.86666666666667,2.80952380952381,2022,418,"June"
"2491",2022-06-07,1,1.33333333333333,1.8,1.71428571428571,2.2,2.73333333333333,2.80952380952381,2022,419,"June"
"2492",2022-06-08,2,1.66666666666667,1.4,1.71428571428571,2,2.66666666666667,3,2022,421,"June"
"2493",2022-06-09,2,1.66666666666667,1.6,1.57142857142857,2.1,2.6,2.9047619047619,2022,423,"June"
"2494",2022-06-10,1,1.66666666666667,1.8,2,2,2.4,2.9047619047619,2022,424,"June"
"2495",2022-06-11,2,1.66666666666667,2.2,2.28571428571429,2.2,2.4,2.95238095238095,2022,426,"June"
"2496",2022-06-12,2,2.66666666666667,2.4,2.28571428571429,2.3,2.4,2.85714285714286,2022,428,"June"
"2497",2022-06-13,4,3,2.6,2.42857142857143,2.7,2.53333333333333,2.80952380952381,2022,432,"June"
"2498",2022-06-14,3,3,2.8,2.57142857142857,2.7,2.73333333333333,2.57142857142857,2022,435,"June"
"2499",2022-06-15,2,2.66666666666667,2.8,3.14285714285714,3.1,2.8,2.61904761904762,2022,437,"June"
"2500",2022-06-16,3,2.33333333333333,3.2,3.14285714285714,3.3,2.93333333333333,2.57142857142857,2022,440,"June"
"2501",2022-06-18,2,3.66666666666667,3,3.28571428571429,3.3,2.86666666666667,2.57142857142857,2022,442,"June"
"2502",2022-06-19,6,3.33333333333333,3.6,3.42857142857143,3.3,3,2.80952380952381,2022,448,"June"
"2503",2022-06-20,2,4.33333333333333,3.8,3.42857142857143,3.1,3,2.76190476190476,2022,450,"June"
"2504",2022-06-21,5,3.66666666666667,3.8,3.57142857142857,3.2,2.93333333333333,2.71428571428571,2022,455,"June"
"2505",2022-06-22,4,3.66666666666667,3.4,3.42857142857143,3.1,3.06666666666667,2.80952380952381,2022,459,"June"
"2506",2022-06-23,2,3.33333333333333,3.2,3,3,2.93333333333333,2.85714285714286,2022,461,"June"
"2507",2022-06-24,4,2.33333333333333,2.8,3,3,2.86666666666667,2.80952380952381,2022,465,"June"
"2508",2022-06-25,1,2.66666666666667,2.4,2.42857142857143,2.9,2.86666666666667,2.80952380952381,2022,466,"June"
"2509",2022-06-26,3,2,2.2,2.71428571428571,2.5,2.93333333333333,2.76190476190476,2022,469,"June"
"2510",2022-06-27,2,2,2.6,2.57142857142857,2.4,2.6,2.76190476190476,2022,471,"June"
"2511",2022-06-28,1,3,2.6,2.14285714285714,2.5,2.73333333333333,2.76190476190476,2022,472,"June"
"2512",2022-06-29,6,2.66666666666667,2.2,2.42857142857143,2.2,2.53333333333333,2.85714285714286,2022,478,"June"
"2513",2022-06-30,1,2.66666666666667,2.4,2.42857142857143,2.5,2.4,2.61904761904762,2022,479,"June"
"2514",2022-07-01,1,1.66666666666667,2.8,2.28571428571429,2.4,2.46666666666667,2.57142857142857,2022,480,"July"
"2515",2022-07-02,3,2.33333333333333,1.8,2.71428571428571,2.4,2.46666666666667,2.38095238095238,2022,483,"July"
"2516",2022-07-03,3,2.33333333333333,2.4,2.14285714285714,2.6,2.46666666666667,2.47619047619048,2022,486,"July"
"2517",2022-07-04,1,2.66666666666667,2.6,2.28571428571429,2.4,2.33333333333333,2.52380952380952,2022,487,"July"
"2518",2022-07-05,4,2.33333333333333,2.4,2.57142857142857,2.4,2.26666666666667,2.52380952380952,2022,491,"July"
"2519",2022-07-06,2,2.66666666666667,2.4,2.71428571428571,2.4,2.6,2.57142857142857,2022,493,"July"
"2520",2022-07-07,2,2.33333333333333,3,2.42857142857143,2.2,2.4,2.57142857142857,2022,495,"July"
"2521",2022-07-08,3,3,2.4,2.42857142857143,2.5,2.6,2.61904761904762,2022,498,"July"
"2522",2022-07-09,4,2.66666666666667,2.2,2,2.7,2.66666666666667,2.76190476190476,2022,502,"July"
"2523",2022-07-10,1,2,2,2.57142857142857,2.7,2.66666666666667,2.52380952380952,2022,503,"July"
"2524",2022-07-11,1,1,2.6,2.71428571428571,2.7,2.66666666666667,2.61904761904762,2022,504,"July"
"2525",2022-07-12,1,2.66666666666667,2.4,2.85714285714286,2.8,2.86666666666667,2.76190476190476,2022,505,"July"
"2526",2022-07-13,6,3.33333333333333,3,2.57142857142857,2.8,2.66666666666667,2.85714285714286,2022,511,"July"
"2527",2022-07-14,3,4.33333333333333,3.2,2.85714285714286,2.8,2.73333333333333,2.9047619047619,2022,514,"July"
"2528",2022-07-15,4,3,3.6,3.14285714285714,2.8,2.86666666666667,2.9047619047619,2022,518,"July"
"2529",2022-07-16,2,3,3,3.57142857142857,3,3,2.76190476190476,2022,520,"July"
"2530",2022-07-17,3,2.66666666666667,3.2,2.85714285714286,3.3,3,2.76190476190476,2022,523,"July"
"2531",2022-07-19,3,3.33333333333333,2.6,2.85714285714286,3.2,3,2.95238095238095,2022,526,"July"
"2532",2022-07-20,4,2.66666666666667,2.8,2.85714285714286,3.3,3,2.9047619047619,2022,530,"July"
"2533",2022-07-21,1,2.66666666666667,3,3.28571428571429,3,3.06666666666667,2.95238095238095,2022,531,"July"
"2534",2022-07-22,3,2.66666666666667,3.4,3.42857142857143,2.9,3.06666666666667,3,2022,534,"July"
"2535",2022-07-23,4,4,3.4,3.14285714285714,2.8,3,3.0952380952381,2022,538,"July"
"2536",2022-07-24,5,4.33333333333333,3.4,2.71428571428571,3.1,3.06666666666667,3.0952380952381,2022,543,"July"
"2537",2022-07-25,4,3.33333333333333,3,2.85714285714286,2.9,3.06666666666667,2.85714285714286,2022,547,"July"
"2538",2022-07-27,1,2,2.6,3.28571428571429,3.3,3.06666666666667,2.9047619047619,2022,548,"July"
"2539",2022-07-28,1,1.33333333333333,2.8,3,3.2,2.93333333333333,2.80952380952381,2022,549,"July"
"2540",2022-07-29,2,3,2.4,3,3.1,2.73333333333333,2.76190476190476,2022,551,"July"
"2541",2022-07-30,6,3.33333333333333,3.2,2.71428571428571,2.7,2.93333333333333,2.71428571428571,2022,557,"July"
"2542",2022-07-31,2,4.33333333333333,3.4,3,2.4,2.86666666666667,2.76190476190476,2022,559,"July"
"2543",2022-08-01,5,3,3.6,3,2.7,2.66666666666667,2.66666666666667,2022,564,"August"
"2544",2022-08-02,2,3.33333333333333,2.6,2.85714285714286,2.8,2.46666666666667,2.66666666666667,2022,566,"August"
"2545",2022-08-03,3,2,2.4,2.57142857142857,2.7,2.46666666666667,2.61904761904762,2022,569,"August"
"2546",2022-08-04,1,1.66666666666667,2.2,2.57142857142857,2.3,2.53333333333333,2.47619047619048,2022,570,"August"
"2547",2022-08-05,1,2,2.2,2,2.5,2.53333333333333,2.28571428571429,2022,571,"August"
"2548",2022-08-06,4,2.33333333333333,1.8,2,2.2,2.53333333333333,2.23809523809524,2022,575,"August"
"2549",2022-08-07,2,2.33333333333333,2,2.14285714285714,2.1,2.2,2.23809523809524,2022,577,"August"
"2550",2022-08-08,1,1.66666666666667,2.6,2.28571428571429,2,2.13333333333333,2.33333333333333,2022,578,"August"
"2551",2022-08-10,2,2.33333333333333,2.2,2.28571428571429,2,2,2.52380952380952,2022,580,"August"
"2552",2022-08-11,4,2.66666666666667,2,2,2,1.93333333333333,2.33333333333333,2022,584,"August"
"2553",2022-08-12,2,2.33333333333333,2.2,1.85714285714286,1.9,1.93333333333333,2.33333333333333,2022,586,"August"
"2554",2022-08-14,1,1.66666666666667,2,1.85714285714286,1.8,2.26666666666667,2.23809523809524,2022,587,"August"
"2555",2022-08-15,2,1.33333333333333,1.4,2,2,2.33333333333333,2.28571428571429,2022,589,"August"
"2556",2022-08-18,1,1.33333333333333,1.6,1.57142857142857,2.4,2.2,2.33333333333333,2022,590,"August"
"2557",2022-08-19,1,1.66666666666667,1.6,1.71428571428571,2.2,2.26666666666667,2.33333333333333,2022,591,"August"
"2558",2022-08-20,3,1.66666666666667,1.8,2.42857142857143,2.2,2.4,2.38095238095238,2022,594,"August"
"2559",2022-08-21,1,2.33333333333333,2.8,2.42857142857143,2.4,2.53333333333333,2.33333333333333,2022,595,"August"
"2560",2022-08-22,3,3.33333333333333,3,2.57142857142857,2.5,2.33333333333333,2.38095238095238,2022,598,"August"
"2561",2022-08-23,6,3.66666666666667,2.8,2.85714285714286,2.8,2.33333333333333,2.61904761904762,2022,604,"August"
"2562",2022-08-24,2,3.33333333333333,3.2,2.85714285714286,2.8,2.46666666666667,2.66666666666667,2022,606,"August"
"2563",2022-08-25,2,2.33333333333333,3.2,3.28571428571429,2.7,2.53333333333333,2.57142857142857,2022,608,"August"
"2564",2022-08-26,3,2.66666666666667,2.8,3,2.9,2.86666666666667,2.61904761904762,2022,611,"August"
"2565",2022-08-27,3,3.33333333333333,2.6,2.42857142857143,2.9,3,2.80952380952381,2022,614,"August"
"2566",2022-08-28,4,2.66666666666667,2.6,2.57142857142857,2.9,2.93333333333333,2.85714285714286,2022,618,"August"
"2567",2022-08-29,1,2.33333333333333,2.6,2.71428571428571,3,3.06666666666667,2.95238095238095,2022,619,"August"
"2568",2022-08-30,2,2,2.6,3.14285714285714,3,3.2,3.04761904761905,2022,621,"August"
"2569",2022-08-31,3,2.66666666666667,3,3.14285714285714,3,3,3.0952380952381,2022,624,"August"
"2570",2022-09-01,3,4,3.4,2.85714285714286,3.2,3.06666666666667,3.28571428571429,2022,627,"September"
"2571",2022-09-02,6,4,3.4,3.14285714285714,3.1,3.13333333333333,3.23809523809524,2022,633,"September"
"2572",2022-09-03,3,3.66666666666667,3.4,3.57142857142857,3.3,3.2,3.14285714285714,2022,636,"September"
"2573",2022-09-04,2,2.66666666666667,3.8,3.57142857142857,3.4,3.33333333333333,3.14285714285714,2022,638,"September"
"2574",2022-09-05,3,3.33333333333333,3.2,3.57142857142857,3.5,3.2,3.0952380952381,2022,641,"September"
"2575",2022-09-07,5,3.66666666666667,3.2,3.14285714285714,3.7,3.4,3.0952380952381,2022,646,"September"
"2576",2022-09-08,3,3.66666666666667,3.4,3.28571428571429,3.3,3.4,3.04761904761905,2022,649,"September"
"2577",2022-09-09,3,3,3.6,3.71428571428571,3.4,3.26666666666667,3,2022,652,"September"
"2578",2022-09-10,3,3.33333333333333,3.6,3.57142857142857,3.4,3.26666666666667,3,2022,655,"September"
"2579",2022-09-11,4,4,3.4,3.42857142857143,3.2,3,2.95238095238095,2022,659,"September"
"2580",2022-09-12,5,3.66666666666667,3.6,3.28571428571429,3,3,2.85714285714286,2022,664,"September"
"2581",2022-09-13,2,3.66666666666667,3.4,3,2.9,2.93333333333333,2.9047619047619,2022,666,"September"
"2582",2022-09-14,4,2.66666666666667,2.8,3,2.9,2.8,2.76190476190476,2022,670,"September"
"2583",2022-09-15,2,2.33333333333333,2.4,2.71428571428571,2.7,2.53333333333333,2.76190476190476,2022,672,"September"
"2584",2022-09-16,1,2,2.4,2.42857142857143,2.4,2.6,2.9047619047619,2022,673,"September"
"2585",2022-09-17,3,2,2.2,2.28571428571429,2,2.6,2.80952380952381,2022,676,"September"
"2586",2022-09-18,2,2.66666666666667,2,1.85714285714286,2.2,2.6,2.80952380952381,2022,678,"September"
"2587",2022-09-19,3,2,2,1.71428571428571,2.1,2.66666666666667,2.71428571428571,2022,681,"September"
"2588",2022-09-20,1,1.66666666666667,1.6,2.14285714285714,2.2,2.4,2.61904761904762,2022,682,"September"
"2589",2022-09-21,1,1,2,2.14285714285714,2.6,2.6,2.61904761904762,2022,683,"September"
"2590",2022-09-22,1,2,2,2.28571428571429,2.4,2.4,2.61904761904762,2022,684,"September"
"2591",2022-09-23,4,2.66666666666667,2.4,2.57142857142857,2.7,2.33333333333333,2.47619047619048,2022,688,"September"
"2592",2022-09-24,3,3.33333333333333,3.2,2.57142857142857,2.5,2.46666666666667,2.52380952380952,2022,691,"September"
"2593",2022-09-25,3,3.66666666666667,3.2,3.14285714285714,2.5,2.53333333333333,2.52380952380952,2022,694,"September"
"2594",2022-09-26,5,3,3.4,3.14285714285714,2.7,2.53333333333333,2.57142857142857,2022,699,"September"
"2595",2022-09-27,1,3.66666666666667,3,2.71428571428571,3,2.53333333333333,2.61904761904762,2022,700,"September"
"2596",2022-09-28,5,2.33333333333333,2.6,2.71428571428571,2.8,2.73333333333333,2.52380952380952,2022,705,"September"
"2597",2022-09-29,1,2.33333333333333,2.2,2.85714285714286,2.8,2.86666666666667,2.57142857142857,2022,706,"September"
"2598",2022-09-30,1,1.66666666666667,2.8,2.42857142857143,2.9,2.93333333333333,2.57142857142857,2022,707,"September"
"2599",2022-10-01,3,2.66666666666667,2.2,2.71428571428571,2.7,2.73333333333333,2.57142857142857,2022,710,"October"
"2600",2022-10-02,4,3,2.6,2.57142857142857,2.8,2.73333333333333,2.66666666666667,2022,714,"October"
"2601",2022-10-03,2,3,3.2,2.85714285714286,2.4,2.73333333333333,2.71428571428571,2022,716,"October"
"2602",2022-10-04,3,3,3.2,3,2.6,2.46666666666667,2.61904761904762,2022,719,"October"
"2603",2022-10-05,4,3.33333333333333,2.8,2.71428571428571,2.8,2.6,2.61904761904762,2022,723,"October"
"2604",2022-10-06,3,3,2.6,2.57142857142857,2.6,2.4,2.52380952380952,2022,726,"October"
"2605",2022-10-07,2,2,2.6,2.71428571428571,2.5,2.46666666666667,2.42857142857143,2022,728,"October"
"2606",2022-10-08,1,2,2.4,2.42857142857143,2.5,2.6,2.47619047619048,2022,729,"October"
"2607",2022-10-09,3,2.33333333333333,2,2.28571428571429,2.4,2.46666666666667,2.28571428571429,2022,732,"October"
"2608",2022-10-10,3,2.33333333333333,2.2,2.14285714285714,2.3,2.4,2.28571428571429,2022,735,"October"
"2609",2022-10-11,1,2.33333333333333,2.4,2.14285714285714,2.1,2.4,2.47619047619048,2022,736,"October"
"2610",2022-10-12,3,2,2.2,2.42857142857143,2.2,2.26666666666667,2.42857142857143,2022,739,"October"
"2611",2022-10-13,2,2.33333333333333,2.2,2.14285714285714,2.3,2.06666666666667,2.47619047619048,2022,741,"October"
"2612",2022-10-15,2,2.33333333333333,2.2,2.14285714285714,2.1,2.2,2.42857142857143,2022,743,"October"
"2613",2022-10-16,3,2,2.2,2.28571428571429,1.9,2.2,2.42857142857143,2022,746,"October"
"2614",2022-10-17,1,2.33333333333333,2.2,2,2.3,2.46666666666667,2.38095238095238,2022,747,"October"
"2615",2022-10-18,3,2,2,1.85714285714286,2.2,2.33333333333333,2.42857142857143,2022,750,"October"
"2616",2022-10-19,2,2,1.6,2.28571428571429,2.5,2.33333333333333,2.47619047619048,2022,752,"October"
"2617",2022-10-21,1,1.33333333333333,2.4,2.14285714285714,2.4,2.46666666666667,2.47619047619048,2022,753,"October"
"2618",2022-10-22,1,2.33333333333333,2.2,2.71428571428571,2.4,2.53333333333333,2.52380952380952,2022,754,"October"
"2619",2022-10-23,5,2.66666666666667,2.8,2.42857142857143,2.6,2.6,2.52380952380952,2022,759,"October"
"2620",2022-10-24,2,4,2.8,2.57142857142857,2.7,2.53333333333333,2.66666666666667,2022,761,"October"
"2621",2022-10-25,5,2.66666666666667,3.2,2.85714285714286,2.8,2.6,2.61904761904762,2022,766,"October"
"2622",2022-10-26,1,3,2.8,3.28571428571429,2.8,2.73333333333333,2.61904761904762,2022,767,"October"
"2623",2022-10-27,3,2.33333333333333,3.2,3,3.1,2.8,2.57142857142857,2022,770,"October"
"2624",2022-10-28,3,3.33333333333333,2.8,2.85714285714286,2.9,2.8,2.52380952380952,2022,773,"October"
"2625",2022-10-30,4,3.33333333333333,2.8,2.71428571428571,3.1,2.86666666666667,2.57142857142857,2022,777,"October"
"2626",2022-10-31,3,2.66666666666667,3,3,2.8,2.86666666666667,2.61904761904762,2022,780,"October"
"2627",2022-11-01,1,2.66666666666667,3,3.14285714285714,2.9,2.66666666666667,2.61904761904762,2022,781,"November"
"2628",2022-11-02,4,2.66666666666667,3,3,2.7,2.66666666666667,2.80952380952381,2022,785,"November"
"2629",2022-11-03,3,3.66666666666667,2.8,2.71428571428571,2.6,2.6,2.80952380952381,2022,788,"November"
"2630",2022-11-04,4,3,3,2.42857142857143,2.4,2.66666666666667,2.66666666666667,2022,792,"November"
"2631",2022-11-05,2,2.66666666666667,2.4,2.57142857142857,2.5,2.8,2.76190476190476,2022,794,"November"
"2632",2022-11-06,2,1.66666666666667,2.2,2.28571428571429,2.6,2.66666666666667,2.66666666666667,2022,796,"November"
"2633",2022-11-07,1,1.66666666666667,1.8,2.42857142857143,2.7,2.53333333333333,2.66666666666667,2022,797,"November"
"2634",2022-11-08,2,1.66666666666667,2.2,2.14285714285714,2.5,2.6,2.61904761904762,2022,799,"November"
"2635",2022-11-09,2,2.66666666666667,2.2,2.57142857142857,2.3,2.73333333333333,2.66666666666667,2022,801,"November"
"2636",2022-11-10,4,2.66666666666667,3,2.42857142857143,2.5,2.53333333333333,2.61904761904762,2022,805,"November"
"2637",2022-11-11,2,3.66666666666667,2.8,2.57142857142857,2.6,2.46666666666667,2.57142857142857,2022,807,"November"
"2638",2022-11-12,5,2.66666666666667,2.8,2.85714285714286,2.6,2.46666666666667,2.61904761904762,2022,812,"November"
"2639",2022-11-13,1,2.66666666666667,2.8,3,2.6,2.53333333333333,2.47619047619048,2022,813,"November"
"2640",2022-11-14,2,2.33333333333333,3,2.57142857142857,2.8,2.53333333333333,2.57142857142857,2022,815,"November"
"2641",2022-11-15,4,3,2.2,2.57142857142857,2.7,2.6,2.47619047619048,2022,819,"November"
"2642",2022-11-16,3,2.66666666666667,2.4,2.42857142857143,2.7,2.53333333333333,2.47619047619048,2022,822,"November"
"2643",2022-11-17,1,2,2.8,2.71428571428571,2.4,2.73333333333333,2.47619047619048,2022,823,"November"
"2644",2022-11-19,2,2.33333333333333,2.6,2.71428571428571,2.4,2.6,2.47619047619048,2022,825,"November"
"2645",2022-11-20,4,3,2.4,2.42857142857143,2.7,2.6,NA,2022,829,"November"
"2646",2022-11-21,3,3,2.6,2.14285714285714,2.5,2.4,NA,2022,832,"November"
"2647",2022-11-22,2,2.33333333333333,2.4,2.71428571428571,2.4,2.4,NA,2022,834,"November"
"2648",2022-11-23,2,1.66666666666667,2.6,2.71428571428571,2.5,NA,NA,2022,836,"November"
"2649",2022-11-24,1,2.66666666666667,2.4,2.42857142857143,2.4,NA,NA,2022,837,"November"
"2650",2022-11-25,5,2.66666666666667,2.4,2.28571428571429,NA,NA,NA,2022,842,"November"
"2651",2022-11-26,2,3,2.4,2.14285714285714,NA,NA,NA,2022,844,"November"
"2652",2022-11-27,2,2,2.4,NA,NA,NA,NA,2022,846,"November"
"2653",2022-11-29,2,1.66666666666667,NA,NA,NA,NA,NA,2022,848,"November"
"2654",2022-12-01,1,NA,NA,NA,NA,NA,NA,2022,849,"December"
